,CloseTSLA,CloseNIO,spread,zscore
2025-01-06,411.05,4.71,406.34000000000003,-0.17590440954718203
2025-01-03,410.44,4.63,405.81,-0.1775214466349097
2025-01-02,379.28,4.55,374.72999999999996,-0.2723469422699533
2024-12-31,403.84,4.36,399.47999999999996,-0.1968343612864486
2024-12-30,417.41,4.38,413.03000000000003,-0.15549313008133775
2024-12-27,431.66,4.48,427.18,-0.11232129085238461
2024-12-26,454.13,4.69,449.44,-0.04440573316782645
2024-12-24,462.28,4.62,457.65999999999997,-0.019326403241183763
2024-12-23,430.6,4.48,426.12,-0.11555536502783977
2024-12-20,421.06,4.54,416.52,-0.14484509340932045
2024-12-19,436.17,4.4,431.77000000000004,-0.09831713946998909
2024-12-18,440.13,4.32,435.81,-0.08599104544278277
2024-12-17,479.86,4.54,475.32,0.03455449292724837
2024-12-16,463.02,4.42,458.59999999999997,-0.016458450670497126
2024-12-13,436.23,4.51,431.72,-0.09846969013864267
2024-12-12,418.1,4.59,413.51000000000005,-0.15402864366226365
2024-12-11,424.77,4.67,420.09999999999997,-0.1339224655337267
2024-12-10,400.99,4.77,396.22,-0.20678066488265953
2024-12-09,389.79,5.18,384.61,-0.2422029301440127
2024-12-06,389.22,4.61,384.61,-0.2422029301440127
2024-12-05,369.49,4.61,364.88,-0.30239942399470154
2024-12-04,357.93,4.6,353.33,-0.3376386284536705
2024-12-03,351.42,4.64,346.78000000000003,-0.3576227660472847
2024-12-02,357.09,4.4,352.69,-0.3395912770124358
2024-11-29,345.16,4.48,340.68,-0.37623394762301726
2024-11-27,332.89,4.38,328.51,-0.4133647803732901
2024-11-26,338.23,4.31,333.92,-0.3968587980249765
2024-11-25,338.59,4.67,333.91999999999996,-0.39685879802497664
2024-11-22,352.56,4.84,347.72,-0.3547548134765981
2024-11-21,339.64,4.7,334.94,-0.3937467643844442
2024-11-20,342.03,4.65,337.38,-0.38630229175415126
2024-11-19,346.0,4.63,341.37,-0.37412874839559834
2024-11-18,338.74,4.67,334.07,-0.39640114601901594
2024-11-15,320.72,4.49,316.23,-0.4508312245946007
2024-11-14,311.18,4.43,306.75,-0.4797548313713128
2024-11-13,330.24,4.61,325.63,-0.4221516988877343
2024-11-12,328.49,4.58,323.91,-0.42739944188941614
2024-11-11,350.0,5.06,344.94,-0.36323663065373524
2024-11-08,321.22,5.09,316.13000000000005,-0.45113632593190767
2024-11-07,296.91,5.31,291.6,-0.5259776839733369
2024-11-06,288.53,5.0,283.53,-0.5505993618940191
2024-11-05,251.44,5.28,246.16,-0.6646157316456786
2024-11-04,242.84,5.14,237.70000000000002,-0.6904273047818582
2024-11-01,248.98,5.1,243.88,-0.6715720421362802
2024-10-31,249.85,5.1,244.75,-0.6689176605017085
2024-10-30,257.55,5.35,252.20000000000002,-0.6461876108723302
2024-10-29,259.52,5.6,253.92,-0.6409398678706484
2024-10-28,262.51,5.81,256.7,-0.6324580506935112
2024-10-25,269.19,5.26,263.93,-0.6103992240062086
2024-10-24,260.48,4.98,255.50000000000003,-0.6361192667411962
2024-10-23,213.65,5.19,208.46,-0.7796389358104513
2024-10-22,217.97,5.23,212.74,-0.7665805985737079
2024-10-21,218.85,5.14,213.71,-0.7636211156018291
2024-10-18,220.7,5.22,215.48,-0.7582208219314936
2024-10-17,220.89,5.15,215.73999999999998,-0.7574275584544953
2024-10-16,221.33,5.51,215.82000000000002,-0.7571834773846495
2024-10-15,219.57,5.62,213.95,-0.7628888723922922
2024-10-14,219.16,5.79,213.37,-0.7646584601486732
2024-10-11,217.8,6.24,211.56,-0.7701807943539316
2024-10-10,238.77,6.22,232.55,-0.7061400236531734
2024-10-09,241.05,6.29,234.76000000000002,-0.6993972840986867
2024-10-08,244.5,6.24,238.26,-0.6887187372929386
2024-10-07,240.83,6.79,234.04000000000002,-0.7015940137272977
2024-10-04,250.08,6.77,243.31,-0.6733111197589305
2024-10-03,240.66,6.7,233.96,-0.7018380947971434
2024-10-02,249.02,7.21,241.81,-0.677887639818537
2024-10-01,258.02,7.03,250.98999999999998,-0.6498793370537461
2024-09-30,261.63,6.68,254.95,-0.6377973240963853
2024-09-27,260.46,6.52,253.93999999999997,-0.640878847603187
2024-09-26,254.22,5.78,248.44,-0.6576594211550769
2024-09-25,257.02,5.65,251.36999999999998,-0.6487199519719792
2024-09-24,254.27,5.94,248.33,-0.6579950326261146
2024-09-23,250.0,5.32,244.68,-0.6691312314378234
2024-09-20,238.25,5.28,232.97,-0.7048585980364837
2024-09-19,243.92,5.4,238.51999999999998,-0.6879254738159403
2024-09-18,227.2,5.02,222.17999999999998,-0.7377790323319187
2024-09-17,227.87,5.41,222.46,-0.7369247485874587
2024-09-16,226.78,5.4,221.38,-0.7402198430303754
2024-09-13,230.29,5.55,224.73999999999998,-0.7299684380968572
2024-09-12,229.81,5.28,224.53,-0.7306091509052021
2024-09-11,228.13,5.6,222.53,-0.7367111776513439
2024-09-10,226.17,5.48,220.69,-0.7423250422577943
2024-09-09,216.27,5.57,210.70000000000002,-0.7728046658547725
2024-09-06,210.73,5.02,205.70999999999998,-0.7880292225863964
2024-09-05,230.17,4.85,225.32,-0.728198850340476
2024-09-04,219.41,4.24,215.17,-0.7591666360771456
2024-09-03,210.6,4.15,206.45,-0.7857714726903239
2024-08-30,214.11,4.04,210.07000000000002,-0.7747268042798071
2024-08-29,206.28,3.94,202.34,-0.7983111376536451
2024-08-28,205.75,3.7,202.05,-0.7991959315318358
2024-08-27,209.21,4.0,205.21,-0.7895547292729317
2024-08-26,213.21,4.03,209.18,-0.7774422061818403
2024-08-23,220.32,4.08,216.23999999999998,-0.7559020517679599
2024-08-22,210.66,3.99,206.67,-0.7851002497482484
2024-08-21,223.27,3.99,219.28,-0.7466269711138243
2024-08-20,221.1,3.85,217.25,-0.7528205282611582
2024-08-19,222.72,4.07,218.65,-0.7485491095388589
2024-08-16,216.12,3.95,212.17000000000002,-0.7683196761963583
2024-08-15,214.14,3.83,210.30999999999997,-0.7739945610702703
2024-08-14,201.38,3.72,197.66,-0.8125898802396172
2024-08-13,207.83,3.89,203.94000000000003,-0.7934295162567316
2024-08-12,197.49,3.76,193.73000000000002,-0.8245803627957856
2024-08-09,200.0,3.78,196.22,-0.8169833394968391
2024-08-08,198.84,3.82,195.02,-0.8206445555445243
2024-08-07,191.76,3.67,188.09,-0.8417880782199054
2024-08-06,200.64,3.77,196.86999999999998,-0.815000180804343
2024-08-05,198.88,3.89,194.99,-0.8207360859457163
2024-08-02,207.67,4.05,203.61999999999998,-0.7944058405361145
2024-08-01,216.86,4.06,212.8,-0.7663975377713236
2024-07-31,232.07,4.44,227.63,-0.7211510094486823
2024-07-30,222.62,4.42,218.20000000000002,-0.7499220655567408
2024-07-29,232.1,4.39,227.71,-0.7209069283788365
2024-07-26,219.8,4.43,215.37,-0.7585564334025314
2024-07-25,220.25,4.27,215.98,-0.7566953152449583
2024-07-24,215.99,4.3,211.69,-0.7697841626154324
2024-07-23,246.38,4.48,241.9,-0.6776130486149605
2024-07-22,251.51,4.69,246.82,-0.6626020628194518
2024-07-19,239.2,4.46,234.73999999999998,-0.6994583043661482
2024-07-18,249.23,4.54,244.69,-0.6691007213040927
2024-07-17,248.5,4.59,243.91,-0.671480511735088
2024-07-16,256.56,4.9,251.66,-0.6478351580937886
2024-07-15,252.64,4.63,248.01,-0.6589713569054974
2024-07-12,248.23,4.87,243.35999999999999,-0.673158569090277
2024-07-11,241.03,4.68,236.35,-0.694546172835504
2024-07-10,263.26,4.62,258.64,-0.6265390847497537
2024-07-09,262.33,4.5,257.83,-0.6290104055819412
2024-07-08,252.94,4.46,248.48,-0.6575373806201541
2024-07-05,251.52,4.62,246.9,-0.662357981749606
2024-07-03,246.39,4.87,241.51999999999998,-0.6787724336967276
2024-07-02,231.26,4.53,226.73,-0.7238969214844461
2024-07-01,209.86,4.44,205.42000000000002,-0.7889140164645868
2024-06-28,197.88,4.16,193.72,-0.8246108729295163
2024-06-27,197.42,4.39,193.03,-0.8267160721569354
2024-06-26,196.37,4.64,191.73000000000002,-0.8306823895419274
2024-06-25,187.35,4.37,182.98,-0.8573787565562978
2024-06-24,182.58,4.44,178.14000000000001,-0.872145661281961
2024-06-21,183.01,4.3,178.70999999999998,-0.8704065836593107
2024-06-20,181.57,4.33,177.23999999999998,-0.8748915733177247
2024-06-18,184.86,4.43,180.43,-0.8651588406576286
2024-06-17,187.44,4.43,183.01,-0.8572872261551058
2024-06-14,178.01,4.33,173.67999999999998,-0.8857531809258573
2024-06-13,182.47,4.41,178.06,-0.8723897423518067
2024-06-12,177.29,4.45,172.84,-0.8883160321592366
2024-06-11,170.66,4.46,166.2,-0.9085747609564275
2024-06-10,173.79,4.72,169.07,-0.8998183525757141
2024-06-07,177.48,4.83,172.64999999999998,-0.8888957247001202
2024-06-06,177.94,4.91,173.03,-0.8877363396183533
2024-06-05,175.0,5.27,169.73,-0.8978046837494872
2024-06-04,174.77,5.21,169.56,-0.8983233560229092
2024-06-03,176.29,5.34,170.95,-0.8940824474343407
2024-05-31,178.08,5.39,172.69000000000003,-0.8887736841651972
2024-05-30,178.79,5.4,173.39,-0.8866379748040478
2024-05-29,176.19,4.93,171.26,-0.8931366332886888
2024-05-28,176.75,4.9,171.85,-0.8913365353985768
2024-05-24,179.24,4.83,174.41,-0.8835259411635156
2024-05-23,173.74,4.8,168.94,-0.9002149843142132
2024-05-22,180.11,5.24,174.87,-0.8821224750119028
2024-05-21,186.6,5.25,181.35,-0.8623519083544033
2024-05-20,174.95,5.22,169.73,-0.8978046837494872
2024-05-17,177.46,5.28,172.18,-0.8903297009854635
2024-05-16,174.84,5.26,169.58,-0.8982623357554478
2024-05-15,173.99,5.33,168.66,-0.9010692680586732
2024-05-14,177.55,5.79,171.76000000000002,-0.8916111266021534
2024-05-13,171.89,5.41,166.48,-0.9077204772119676
2024-05-10,168.47,5.07,163.4,-0.917117598401026
2024-05-09,171.97,5.33,166.64,-0.9072323150722763
2024-05-08,174.72,5.22,169.5,-0.8985064168252935
2024-05-07,177.81,5.51,172.3,-0.889963579380695
2024-05-06,184.76,5.69,179.07,-0.8693082188450051
2024-05-03,181.19,5.57,175.62,-0.8798342149820996
2024-05-02,180.01,5.59,174.42,-0.8834954310297848
2024-05-01,179.99,5.27,174.72,-0.8825801270178634
2024-04-30,183.28,4.72,178.56,-0.8708642356652712
2024-04-29,194.05,4.6,189.45000000000002,-0.8376387000325289
2024-04-26,168.29,4.49,163.79999999999998,-0.9158971930517977
2024-04-25,170.18,4.13,166.05,-0.9090324129623881
2024-04-24,162.13,4.15,157.98,-0.9336540908830702
2024-04-23,144.68,4.01,140.67000000000002,-0.9864671323709274
2024-04-22,142.05,4.0,138.05,-0.9944607874083732
2024-04-19,147.05,3.8,143.25,-0.9785955178684046
2024-04-18,149.93,4.0,145.93,-0.9704188020285746
2024-04-17,155.45,3.91,151.54,-0.953302617005647
2024-04-16,157.11,3.81,153.3,-0.947932833469042
2024-04-15,161.48,3.89,157.59,-0.9348439860985678
2024-04-12,171.05,4.11,166.94,-0.906317011060355
2024-04-11,174.6,4.46,170.14,-0.8965537682665282
2024-04-10,171.76,4.59,167.17,-0.9056152779845489
2024-04-09,176.88,4.71,172.17,-0.8903602111191944
2024-04-08,172.98,4.37,168.60999999999999,-0.9012218187273265
2024-04-05,164.9,4.39,160.51000000000002,-0.9259350270492009
2024-04-04,171.11,4.5,166.61,-0.9073238454734683
2024-04-03,168.38,4.49,163.89,-0.9156226018482213
2024-04-02,166.63,4.54,162.09,-0.9211144259197488
2024-04-01,175.22,4.64,170.58,-0.8952113223823769
2024-03-28,175.79,4.5,171.29,-0.8930451028874967
2024-03-27,179.83,4.67,175.16000000000003,-0.8812376811337121
2024-03-26,177.67,4.78,172.89,-0.8881634814905832
2024-03-25,172.63,4.91,167.72,-0.9039372206293597
2024-03-22,170.83,4.89,165.94000000000003,-0.9093680244334258
2024-03-21,172.82,5.0,167.82,-0.9036321192920527
2024-03-20,175.66,5.1,170.56,-0.8952723426498383
2024-03-19,171.32,5.19,166.13,-0.9087883318925425
2024-03-18,173.8,5.54,168.26000000000002,-0.9022896734079014
2024-03-15,163.57,5.58,157.98999999999998,-0.9336235807493395
2024-03-14,162.5,5.58,156.92,-0.9368881650585256
2024-03-13,169.48,5.92,163.56,-0.9166294362613346
2024-03-12,177.54,6.19,171.35,-0.8928620420851123
2024-03-11,177.77,6.1,171.67000000000002,-0.8918857178057297
2024-03-08,175.34,5.8,169.54,-0.8983843762903708
2024-03-07,178.65,5.77,172.88,-0.8881939916243139
2024-03-06,176.54,5.77,170.76999999999998,-0.8946316298414936
2024-03-05,180.74,5.48,175.26000000000002,-0.8809325797964052
2024-03-04,188.14,5.33,182.80999999999997,-0.8578974288297201
2024-03-01,202.64,5.78,196.85999999999999,-0.8150306909380737
2024-02-29,201.88,5.75,196.13,-0.8172579307004155
2024-02-28,202.04,5.43,196.60999999999999,-0.8157934442813415
2024-02-27,199.73,5.78,193.95,-0.8239091398537102
2024-02-26,199.4,5.65,193.75,-0.8245193425283243
2024-02-23,191.97,5.4,186.57,-0.8464256185469733
2024-02-22,197.41,5.85,191.56,-0.8312010618153495
2024-02-21,194.77,5.97,188.8,-0.8396218587250251
2024-02-20,193.76,5.96,187.79999999999998,-0.8426728720980963
2024-02-16,199.95,6.14,193.81,-0.82433628172594
2024-02-15,200.45,6.09,194.35999999999999,-0.822658224370751
2024-02-14,188.71,6.0,182.71,-0.8582025301670269
2024-02-13,184.02,5.7,178.32000000000002,-0.8715964788748081
2024-02-12,188.13,6.08,182.04999999999998,-0.8602161989932539
2024-02-09,193.57,5.93,187.64,-0.8431610342377875
2024-02-08,189.56,5.82,183.74,-0.8550599863927639
2024-02-07,187.58,5.86,181.72,-0.8612230334063671
2024-02-06,185.1,6.03,179.07,-0.8693082188450051
2024-02-05,181.06,5.38,175.68,-0.8796511541797154
2024-02-02,187.91,5.54,182.37,-0.8592398747138711
2024-02-01,188.86,5.71,183.15,-0.8568600842828759
2024-01-31,187.29,5.62,181.67,-0.8613755840750208
2024-01-30,191.59,5.79,185.8,-0.8487748988442378
2024-01-29,190.93,6.14,184.79000000000002,-0.8518564223510394
2024-01-26,183.25,6.14,177.11,-0.875288205056224
2024-01-25,182.63,6.04,176.59,-0.8768747320102208
2024-01-24,207.83,6.07,201.76000000000002,-0.8000807254100264
2024-01-23,209.14,6.21,202.92999999999998,-0.7965110397635335
2024-01-22,208.8,5.98,202.82000000000002,-0.7968466512345711
2024-01-19,212.19,6.06,206.13,-0.7867477969697065
2024-01-18,211.88,6.28,205.6,-0.7883648340574341
2024-01-17,215.55,6.3,209.25,-0.7772286352457254
2024-01-16,219.91,6.55,213.35999999999999,-0.764688970282404
2024-01-12,218.89,7.17,211.72,-0.7696926322142402
2024-01-11,227.22,7.4,219.82,-0.7449794238923659
2024-01-10,233.94,7.41,226.53,-0.7245071241590603
2024-01-09,234.96,7.56,227.4,-0.7218527425244885
2024-01-08,240.45,7.93,232.51999999999998,-0.7062315540543657
2024-01-05,237.49,8.06,229.43,-0.7156591853771546
2024-01-04,237.93,8.27,229.66,-0.7149574523013483
2024-01-03,238.45,8.5,229.95,-0.7140726584231578
2024-01-02,248.42,8.42,240.0,-0.6834099740237952
2023-12-29,248.48,9.07,239.41,-0.685210071913907
2023-12-28,253.18,9.43,243.75,-0.6719686738747794
2023-12-27,261.44,9.1,252.34,-0.6457604690001003
2023-12-26,256.61,9.33,247.28,-0.6611985966678391
2023-12-22,252.54,8.42,244.12,-0.6708397989267432
2023-12-21,254.5,8.29,246.21,-0.664463180977025
2023-12-20,247.14,7.92,239.22,-0.6857897644547906
2023-12-19,257.22,8.82,248.40000000000003,-0.6577814616899996
2023-12-18,252.08,8.35,243.73000000000002,-0.6720296941422408
2023-12-15,253.5,7.98,245.52,-0.6665683802044439
2023-12-14,251.05,7.86,243.19,-0.6736772413636991
2023-12-13,239.29,7.43,231.85999999999999,-0.7082452228805924
2023-12-12,237.01,7.27,229.73999999999998,-0.7147133712315027
2023-12-11,239.74,7.68,232.06,-0.7076350202059781
2023-12-08,243.84,7.38,236.46,-0.6942105613644662
2023-12-07,242.64,7.49,235.14999999999998,-0.6982073888831891
2023-12-06,239.37,7.75,231.62,-0.7089774660901293
2023-12-05,238.72,7.43,231.29,-0.7099843005032428
2023-12-04,235.58,7.32,228.26000000000002,-0.7192288710236475
2023-12-01,238.83,7.15,231.68,-0.7087944052877451
2023-11-30,240.08,7.27,232.81,-0.705346760176175
2023-11-29,244.14,7.18,236.95999999999998,-0.6926850546779308
2023-11-28,246.72,7.21,239.51,-0.6849049705766
2023-11-27,236.08,7.19,228.89000000000001,-0.7173067325986129
2023-11-24,235.45,7.4,228.04999999999998,-0.7198695838319925
2023-11-22,234.21,7.47,226.74,-0.7238664113507153
2023-11-21,241.2,7.51,233.69,-0.7026618684078726
2023-11-20,235.6,7.8,227.79999999999998,-0.7206323371752602
2023-11-17,234.3,7.39,226.91000000000003,-0.7233477390772932
2023-11-16,233.59,7.4,226.19,-0.7255444687059044
2023-11-15,242.84,7.94,234.9,-0.6989701422264568
2023-11-14,237.41,7.58,229.82999999999998,-0.7144387800279264
2023-11-13,223.71,7.22,216.49,-0.7551392984246921
2023-11-10,214.65,7.24,207.41,-0.7828424998521759
2023-11-09,209.98,7.47,202.51,-0.7977924653802232
2023-11-08,222.11,7.92,214.19000000000003,-0.7621566291827551
2023-11-07,222.18,7.89,214.29000000000002,-0.761851527845448
2023-11-06,219.27,7.97,211.3,-0.77097405783093
2023-11-03,219.96,8.23,211.73000000000002,-0.7696621220805094
2023-11-02,218.51,7.79,210.72,-0.7727436455873111
2023-11-01,205.66,7.45,198.21,-0.810911822884428
2023-10-31,200.84,7.3,193.54,-0.8251600553366693
2023-10-30,197.36,7.52,189.84,-0.8364488048170313
2023-10-27,207.3,7.44,199.86,-0.8058776508188611
2023-10-26,205.76,7.63,198.13,-0.8111559039542737
2023-10-25,212.42,7.6,204.82,-0.7907446244884294
2023-10-24,216.52,8.09,208.43,-0.7797304662116434
2023-10-23,212.08,7.59,204.49,-0.7917514589015427
2023-10-20,211.99,7.58,204.41,-0.7919955399713886
2023-10-19,220.11,7.69,212.42000000000002,-0.7675569228530905
2023-10-18,242.68,7.91,234.77,-0.6993667739649561
2023-10-17,254.85,8.53,246.32,-0.6641275695059872
2023-10-16,253.92,8.52,245.39999999999998,-0.6669345018092124
2023-10-13,251.12,8.47,242.65,-0.6753247885851573
2023-10-12,258.87,8.44,250.43,-0.6515879045426658
2023-10-11,262.99,8.97,254.02,-0.6406347665333413
2023-10-10,263.62,8.83,254.79,-0.6382854862360767
2023-10-09,259.67,8.34,251.33,-0.6488419925069019
2023-10-06,260.53,8.72,251.80999999999997,-0.6473775060878281
2023-10-05,260.05,8.66,251.39000000000001,-0.6486589317045177
2023-10-04,261.16,8.83,252.33,-0.645790979133831
2023-10-03,246.53,8.61,237.92000000000002,-0.6897560818397827
2023-10-02,251.6,8.79,242.81,-0.674836626445466
2023-09-29,250.22,9.04,241.18,-0.6798097782435716
2023-09-28,246.38,8.91,237.47,-0.6911290378576647
2023-09-27,240.5,8.46,232.04,-0.7076960404734396
2023-09-26,244.12,8.41,235.71,-0.6964988213942693
2023-09-25,246.99,8.35,238.64000000000001,-0.6875593522111716
2023-09-22,244.88,8.53,236.35,-0.694546172835504
2023-09-21,255.7,8.45,247.25,-0.6612901270690312
2023-09-20,262.59,8.82,253.76999999999998,-0.6413975198766091
2023-09-19,266.5,8.55,257.95,-0.6286442839771726
2023-09-18,265.28,10.31,254.96999999999997,-0.637736303828924
2023-09-15,274.39,10.43,263.96,-0.6103076936050166
2023-09-14,276.04,10.38,265.66,-0.605120970870796
2023-09-13,271.3,10.07,261.23,-0.6186369601135
2023-09-12,267.48,10.57,256.91,-0.6318173378851663
2023-09-11,273.58,10.33,263.25,-0.6124739130998968
2023-09-08,248.5,10.04,238.46,-0.6881085346183244
2023-09-07,251.49,10.08,241.41,-0.6791080451677652
2023-09-06,251.92,10.58,241.33999999999997,-0.6793216161038803
2023-09-05,256.49,10.81,245.68,-0.6660802180647525
2023-09-01,245.01,11.0,234.01,-0.7016855441284899
2023-08-31,258.08,10.27,247.80999999999997,-0.6595815595801117
2023-08-30,256.9,10.67,246.23,-0.6644021607095636
2023-08-29,257.18,10.89,246.29000000000002,-0.6642190999071792
2023-08-28,238.82,11.02,227.79999999999998,-0.7206323371752602
2023-08-25,238.59,10.83,227.76,-0.720754377710183
2023-08-24,230.04,10.64,219.39999999999998,-0.7462608495090558
2023-08-23,236.86,10.84,226.02,-0.7260631409793263
2023-08-22,233.19,10.79,222.4,-0.737107809389843
2023-08-21,231.28,10.95,220.33,-0.7434234070720998
2023-08-18,215.49,10.67,204.82000000000002,-0.7907446244884293
2023-08-17,219.22,11.5,207.72,-0.7818966857065237
2023-08-16,225.6,11.4,214.2,-0.7621261190490244
2023-08-15,232.96,11.83,221.13,-0.740982596373643
2023-08-14,239.76,12.52,227.23999999999998,-0.72234090466418
2023-08-11,242.65,12.9,229.75,-0.7146828610977719
2023-08-10,245.34,13.25,232.09,-0.707543489804786
2023-08-09,242.19,13.46,228.73,-0.7177948947383043
2023-08-08,249.7,14.07,235.63,-0.6967429024641151
2023-08-07,251.45,14.82,236.63,-0.6936918890910442
2023-08-04,253.86,14.72,239.14000000000001,-0.6860338455246362
2023-08-03,259.32,15.46,243.85999999999999,-0.6716330624037417
2023-08-02,254.11,14.57,239.54000000000002,-0.6848134401754078
2023-08-01,261.07,14.63,246.44,-0.6637614479012187
2023-07-31,267.43,15.3,252.13,-0.6464011818084453
2023-07-28,266.44,14.74,251.7,-0.6477131175588657
2023-07-27,255.71,13.24,242.47,-0.6758739709923102
2023-07-26,264.35,13.17,251.18000000000004,-0.6492996445128625
2023-07-25,265.28,11.91,253.36999999999998,-0.6426179252258374
2023-07-24,269.06,11.73,257.33,-0.6305359122684766
2023-07-21,260.02,10.58,249.43999999999997,-0.654608407782006
2023-07-20,262.9,10.32,252.57999999999998,-0.6450282257905634
2023-07-19,291.26,10.64,280.62,-0.5594778108096554
2023-07-18,293.34,10.42,282.91999999999996,-0.5524604800515924
2023-07-17,290.38,10.56,279.82,-0.5619186215081121
2023-07-14,281.38,10.54,270.84,-0.5893167215982889
2023-07-13,277.9,10.76,267.14,-0.6006054710786511
2023-07-12,271.99,11.16,260.83,-0.6198573654627285
2023-07-11,269.79,10.81,258.98,-0.6255017402029096
2023-07-10,269.61,10.78,258.83000000000004,-0.6259593922088701
2023-07-07,274.43,9.99,264.44,-0.6088432071859425
2023-07-06,276.54,9.56,266.98,-0.6010936332183424
2023-07-05,282.48,10.22,272.26,-0.5849842826085281
2023-07-03,279.82,10.03,269.79,-0.5925202856400131
2023-06-30,261.77,9.69,252.07999999999998,-0.6465537324770988
2023-06-29,257.5,9.39,248.11,-0.6586662555681903
2023-06-28,256.24,9.52,246.72,-0.6629071641567588
2023-06-27,250.21,9.34,240.87,-0.6807555923892236
2023-06-26,241.05,8.4,232.65,-0.7058349223158663
2023-06-23,256.6,8.43,248.17000000000002,-0.658483194765806
2023-06-22,264.61,8.92,255.69000000000003,-0.6355395742003128
2023-06-21,259.46,9.07,250.39,-0.6517099450775886
2023-06-20,274.45,9.35,265.09999999999997,-0.6068295383597159
2023-06-16,260.54,9.4,251.14000000000001,-0.6494216850477854
2023-06-15,255.9,9.79,246.11,-0.664768282314332
2023-06-14,256.79,9.05,247.74,-0.6597951305162265
2023-06-13,258.71,8.89,249.82,-0.6534490227002391
2023-06-12,249.83,8.4,241.43,-0.6790470249003039
2023-06-09,244.4,7.73,236.67000000000002,-0.6935698485561212
2023-06-08,234.86,7.79,227.07000000000002,-0.7228595769376018
2023-06-07,224.57,7.76,216.81,-0.7541629741453093
2023-06-06,221.31,7.88,213.43,-0.7644753993462889
2023-06-05,217.61,7.67,209.94000000000003,-0.7751234360183064
2023-06-02,213.97,7.56,206.41,-0.7858935132252468
2023-06-01,207.52,7.54,199.98000000000002,-0.8055115292140925
2023-05-31,203.93,7.53,196.4,-0.8164341570896865
2023-05-30,201.16,7.41,193.75,-0.8245193425283243
2023-05-26,193.17,7.7,185.47,-0.8497817332573512
2023-05-25,184.47,7.54,176.93,-0.8758373874633767
2023-05-24,182.9,7.92,174.98000000000002,-0.881786863540865
2023-05-23,185.77,8.75,177.02,-0.8755627962598004
2023-05-22,188.87,8.79,180.08,-0.8662266953382033
2023-05-19,180.14,8.07,172.07,-0.8906653124565014
2023-05-18,176.89,7.82,169.07,-0.8998183525757141
2023-05-17,173.86,8.03,165.83,-0.9097036359044636
2023-05-16,166.52,7.91,158.61,-0.9317319524580355
2023-05-15,166.35,8.25,158.1,-0.9332879692783017
2023-05-12,167.98,7.95,160.03,-0.927399513468275
2023-05-11,172.08,8.45,163.63000000000002,-0.9164158653252197
2023-05-10,168.54,8.13,160.41,-0.926240128386508
2023-05-09,169.15,8.16,160.99,-0.9244705406301268
2023-05-08,171.79,8.27,163.51999999999998,-0.9167514767962576
2023-05-05,170.06,8.15,161.91,-0.9216636083269018
2023-05-04,161.2,8.06,153.14,-0.9484209956087335
2023-05-03,160.61,7.64,152.97000000000003,-0.9489396678821553
2023-05-02,160.31,7.45,152.86,-0.9492752793531932
2023-05-01,161.83,7.81,154.02,-0.945736103840431
2023-04-28,164.31,7.87,156.44,-0.9383526514775995
2023-04-27,160.19,7.97,152.22,-0.9512279279119585
2023-04-26,153.75,7.68,146.07,-0.9699916601563446
2023-04-25,160.67,7.9,152.76999999999998,-0.9495498705567696
2023-04-24,162.55,8.29,154.26000000000002,-0.945003860630894
2023-04-21,165.08,8.33,156.75,-0.9374068373319475
2023-04-20,162.99,8.28,154.71,-0.943630904613012
2023-04-19,180.59,8.79,171.8,-0.8914890860672304
2023-04-18,184.31,9.47,174.84,-0.8822140054130948
2023-04-17,187.04,9.83,177.20999999999998,-0.874983103718917
2023-04-14,185.0,9.27,175.73,-0.8794986035110618
2023-04-13,185.9,9.1,176.8,-0.8762340192018759
2023-04-12,180.54,9.01,171.53,-0.8923128596779597
2023-04-11,186.79,9.52,177.26999999999998,-0.8748000429165327
2023-04-10,184.51,9.05,175.45999999999998,-0.8803223771217911
2023-04-06,185.06,9.01,176.05,-0.8785222792316791
2023-04-05,185.52,8.96,176.56,-0.876966262411413
2023-04-04,192.58,9.21,183.37,-0.8561888613408002
2023-04-03,194.77,9.8,184.97,-0.8513072399438867
2023-03-31,207.46,10.51,196.95000000000002,-0.8147560997344973
2023-03-30,195.28,10.46,184.82,-0.8517648919498474
2023-03-29,193.88,9.83,184.04999999999998,-0.8541141722471121
2023-03-28,189.19,9.2,179.99,-0.8665012865417798
2023-03-27,191.81,8.93,182.88,-0.8576838578936049
2023-03-24,190.41,9.07,181.34,-0.862382418488134
2023-03-23,192.22,9.27,182.95,-0.85747028695749
2023-03-22,191.15,9.09,182.06,-0.8601856888595231
2023-03-21,197.58,9.27,188.31,-0.84111685527783
2023-03-20,183.25,8.75,174.5,-0.883251349959939
2023-03-17,180.13,8.26,171.87,-0.8912755151311155
2023-03-16,184.13,8.5,175.63,-0.8798037048483689
2023-03-15,180.45,8.25,172.2,-0.8902686807180021
2023-03-14,183.26,8.42,174.84,-0.8822140054130948
2023-03-13,174.48,8.55,165.92999999999998,-0.9093985345671568
2023-03-10,173.44,8.51,164.93,-0.9124495479402275
2023-03-09,172.92,8.79,164.13,-0.9148903586386843
2023-03-08,182.0,9.18,172.82,-0.8883770524266982
2023-03-07,187.71,8.97,178.74,-0.8703150532581184
2023-03-06,193.81,9.31,184.5,-0.85274121622923
2023-03-03,197.79,9.57,188.22,-0.8413914464814063
2023-03-02,190.9,9.09,181.81,-0.8609484422027908
2023-03-01,202.77,8.83,193.94,-0.8239396499874408
2023-02-28,205.71,9.39,196.32,-0.8166782381595321
2023-02-27,207.63,9.33,198.29999999999998,-0.8106372316808518
2023-02-24,196.88,9.3,187.57999999999998,-0.8433440950401717
2023-02-23,202.07,9.79,192.28,-0.8290043321867385
2023-02-22,200.86,10.18,190.68,-0.8338859535836519
2023-02-21,197.37,10.03,187.34,-0.8440763382497086
2023-02-17,208.31,10.19,198.12,-0.8111864140880044
2023-02-16,202.04,10.19,191.85,-0.8303162679371588
2023-02-15,214.24,10.5,203.74,-0.794039718931346
2023-02-14,209.25,10.31,198.94,-0.8086845831220864
2023-02-13,194.64,10.31,184.32999999999998,-0.8532598885026522
2023-02-10,196.89,10.31,186.57999999999998,-0.8463951084132426
2023-02-09,207.32,10.47,196.85,-0.8150612010718045
2023-02-08,201.29,10.65,190.64,-0.8340079941185748
2023-02-07,196.81,10.92,185.89000000000001,-0.8485003076406615
2023-02-06,194.76,10.93,183.82999999999998,-0.8547853951891876
2023-02-03,189.98,11.19,178.79,-0.870162502589465
2023-02-02,188.27,11.96,176.31,-0.8777290157546808
2023-02-01,181.41,12.1,169.31,-0.8990861093661769
2023-01-31,173.22,12.07,161.15,-0.9239823784904356
2023-01-30,166.66,12.02,154.64,-0.9438444755491271
2023-01-27,177.9,12.71,165.19,-0.9116562844632291
2023-01-26,160.27,12.17,148.10000000000002,-0.9637981030090107
2023-01-25,144.43,11.63,132.8,-1.0104786076169954
2023-01-24,143.89,11.68,132.20999999999998,-1.0122787055071074
2023-01-23,143.75,12.06,131.69,-1.0138652324611042
2023-01-20,133.42,11.07,122.35,-1.0423616973655863
2023-01-19,127.17,10.77,116.4,-1.0605152269353582
2023-01-18,128.78,11.01,117.77,-1.056335338614251
2023-01-17,131.49,11.41,120.08000000000001,-1.049287497722457
2023-01-13,122.4,11.8,110.60000000000001,-1.0782111044991693
2023-01-12,123.56,11.81,111.75,-1.0747024391201379
2023-01-11,123.22,11.51,111.71,-1.0748244796550608
2023-01-10,118.85,11.24,107.61,-1.0873336344846514
2023-01-09,119.77,10.76,109.00999999999999,-1.0830622157623522
2023-01-06,113.06,10.37,102.69,-1.1023446202801601
2023-01-05,110.34,10.86,99.48,-1.1121383732077177
2023-01-04,113.64,10.63,103.01,-1.1013682960007776
2023-01-03,108.1,9.63,98.47,-1.1152198967145193
2022-12-30,123.18,9.75,113.43,-1.0695767366533788
2022-12-29,121.82,9.99,111.83,-1.0744583580502922
2022-12-28,112.71,9.8,102.91,-1.1016733973380848
2022-12-27,109.1,10.06,99.03999999999999,-1.113480819091869
2022-12-23,123.15,10.97,112.18,-1.0733905033697173
2022-12-22,125.35,11.29,114.06,-1.067654598228344
2022-12-21,137.57,11.61,125.96,-1.0313475390888005
2022-12-20,137.8,11.09,126.71000000000001,-1.0290592790589972
2022-12-19,149.87,11.06,138.81,-0.9921420172448394
2022-12-16,150.23,11.6,138.63,-0.9926911996519922
2022-12-15,157.67,11.88,145.79,-0.9708459439008046
2022-12-14,156.8,12.1,144.70000000000002,-0.9741715484774517
2022-12-13,160.95,12.31,148.64,-0.9621505557875525
2022-12-12,167.82,12.49,155.32999999999998,-0.9417392763217082
2022-12-09,179.05,12.63,166.42000000000002,-0.9079035380143519
2022-12-08,173.44,13.41,160.03,-0.927399513468275
2022-12-07,174.04,12.58,161.45999999999998,-0.9230365643447836
2022-12-06,179.82,13.24,166.57999999999998,-0.9074153758746606
2022-12-05,182.45,12.8,169.64999999999998,-0.8980487648193329
2022-12-02,194.86,13.13,181.73000000000002,-0.8611925232726364
2022-12-01,194.7,12.09,182.60999999999999,-0.8585076315043341
2022-11-30,194.7,12.78,181.92,-0.8606128307317531
2022-11-29,180.83,10.5,170.33,-0.8959740757256446
2022-11-28,182.92,10.12,172.79999999999998,-0.8884380726941598
2022-11-25,182.86,10.17,172.69000000000003,-0.8887736841651972
2022-11-23,183.2,10.56,172.64,-0.8889262348338509
2022-11-22,169.91,10.01,159.9,-0.9277961452067742
2022-11-21,167.87,10.02,157.85,-0.9340507226215694
2022-11-18,180.19,10.47,169.72,-0.8978351938832179
2022-11-17,183.17,10.67,172.5,-0.8893533767060808
2022-11-16,186.92,10.53,176.39,-0.8774849346848351
2022-11-15,194.42,11.51,182.91,-0.8575923274924129
2022-11-14,190.95,11.17,179.78,-0.8671419993501248
2022-11-11,195.97,11.56,184.41,-0.8530158074328066
2022-11-10,190.72,10.34,180.38,-0.8653113913262822
2022-11-09,177.59,9.25,168.34,-0.9020455923380557
2022-11-08,191.3,10.56,180.74,-0.8642130265119766
2022-11-07,197.08,10.98,186.10000000000002,-0.8478595948323165
2022-11-04,207.47,11.68,195.79,-0.8182952752472598
2022-11-03,215.31,9.94,205.37,-0.7890665671332404
2022-11-02,214.98,9.49,205.48999999999998,-0.7887004455284718
2022-11-01,227.82,9.71,218.10999999999999,-0.7501966567603172
2022-10-31,227.54,9.67,217.87,-0.7509288999698542
2022-10-28,228.52,9.69,218.83,-0.7479999271317062
2022-10-27,225.09,9.98,215.11,-0.7593496968795298
2022-10-26,224.64,10.81,213.82999999999998,-0.7632549939970606
2022-10-25,222.415,10.63,211.785,-0.7694943163449907
2022-10-24,211.25,9.45,201.8,-0.7999586848751035
2022-10-21,214.44,11.21,203.23,-0.7955957357516121
2022-10-20,207.28,10.97,196.31,-0.8167087482932628
2022-10-19,222.04,10.92,211.12,-0.7715232402380827
2022-10-18,220.19,12.21,207.98,-0.7811034222295253
2022-10-17,219.35,12.21,207.14,-0.783666273462905
2022-10-14,204.99,11.75,193.24,-0.8260753593485904
2022-10-13,221.72,12.78,208.94,-0.7781744493913774
2022-10-12,217.24,12.88,204.36,-0.792148090640042
2022-10-11,216.5,12.83,203.67,-0.7942532898674611
2022-10-10,222.96,13.28,209.68,-0.7759166994953048
2022-10-07,223.07,13.76,209.31,-0.7770455744433411
2022-10-06,238.13,14.77,223.35999999999999,-0.734178836551695
2022-10-05,240.81,16.04,224.77,-0.7298769076956649
2022-10-04,249.44,16.73,232.71,-0.705651861513482
2022-10-03,242.4,15.49,226.91,-0.7233477390772933
2022-09-30,265.25,15.77,249.48,-0.6544863672470832
2022-09-29,268.21,15.58,252.62999999999997,-0.6448756751219099
2022-09-28,287.81,17.33,270.48,-0.5904150864125942
2022-09-27,282.94,17.19,265.75,-0.6048463796672197
2022-09-26,276.01,17.62,258.39,-0.6273018380930215
2022-09-23,275.33,17.64,257.69,-0.629437547454171
2022-09-22,288.59,18.35,270.23999999999995,-0.5911473296221315
2022-09-21,300.8,18.3,282.5,-0.5537419056682821
2022-09-20,308.73,20.41,288.32,-0.5359850078370095
2022-09-19,309.07,20.9,288.17,-0.53644265984297
2022-09-16,303.35,20.15,283.20000000000005,-0.5516061963071324
2022-09-15,303.75,21.51,282.24,-0.5545351691452804
2022-09-14,302.61,21.94,280.67,-0.5593252601410018
2022-09-13,292.13,21.97,270.15999999999997,-0.5913914106919771
2022-09-12,304.42,21.75,282.67,-0.55322323339486
2022-09-09,299.68,19.16,280.52,-0.5597829121469625
2022-09-08,289.26,17.68,271.58,-0.5870589717022163
2022-09-07,283.7,17.48,266.21999999999997,-0.6034124033818764
2022-09-06,274.42,17.11,257.31,-0.630596932535938
2022-09-02,270.21,17.73,252.48,-0.6453333271278705
2022-09-01,277.16,18.79,258.37,-0.6273628583604829
2022-08-31,275.61,19.91,255.70000000000002,-0.6355090640665821
2022-08-30,277.7,19.83,257.87,-0.6288883650470183
2022-08-29,284.82,19.81,265.01,-0.6071041295632921
2022-08-26,288.09,19.92,268.16999999999996,-0.5974629273043882
2022-08-25,296.07,20.08,275.99,-0.5736040027269736
2022-08-24,891.29,18.87,872.42,1.2461119033737018
2022-08-23,889.36,18.29,871.07,1.2419930353200563
2022-08-22,869.74,18.95,850.79,1.1801184841141783
2022-08-19,890.0,19.05,870.95,1.2416269137152878
2022-08-18,908.61,19.91,888.7,1.2957824010872963
2022-08-17,911.99,20.08,891.91,1.3055761540148536
2022-08-16,919.69,20.91,898.7800000000001,1.3265366158878509
2022-08-15,927.96,21.3,906.6600000000001,1.3505786012676497
2022-08-12,900.09,21.11,878.98,1.2661265511010469
2022-08-11,859.89,20.82,839.0699999999999,1.1443606073817871
2022-08-10,883.07,20.05,863.0200000000001,1.2174323776668357
2022-08-09,850.0,19.17,830.83,1.1192202571876833
2022-08-08,871.27,20.17,851.1,1.1810642982598303
2022-08-05,864.51,20.22,844.29,1.1602868971892173
2022-08-04,925.9,20.9,905.0,1.3455139190683516
2022-08-03,922.19,20.3,901.8900000000001,1.3360252674781015
2022-08-02,901.76,20.18,881.58,1.2740591858710313
2022-08-01,891.83,20.18,871.6500000000001,1.2437626230764376
2022-07-29,891.45,19.73,871.72,1.2439761940125522
2022-07-28,842.7,19.49,823.21,1.0959715352848831
2022-07-27,824.46,19.38,805.08,1.0406566628311078
2022-07-26,776.58,19.04,757.5400000000001,0.8956114870753173
2022-07-25,805.3,19.33,785.9699999999999,0.9823517972717225
2022-07-22,816.73,19.24,797.49,1.0174994713294996
2022-07-21,815.12,20.68,794.44,1.0081938805416335
2022-07-20,742.5,20.37,722.13,0.7875751035348766
2022-07-19,736.59,20.2,716.39,0.7700622867734497
2022-07-18,721.64,20.84,700.8,0.7224969882872743
2022-07-15,720.2,20.72,699.48,0.7184696506348208
2022-07-14,714.94,21.05,693.8900000000001,0.7014144858793547
2022-07-13,711.12,21.09,690.03,0.6896375742593007
2022-07-12,699.21,20.87,678.34,0.6539712279281021
2022-07-11,703.03,20.57,682.4599999999999,0.6665414030251539
2022-07-08,752.29,22.6,729.6899999999999,0.8106407646352924
2022-07-07,733.63,22.5,711.13,0.7540139564310967
2022-07-06,695.2,20.83,674.37,0.6418587048370106
2022-07-05,699.2,22.18,677.0200000000001,0.6499438902756487
2022-07-01,681.79,21.36,660.43,0.599327578416402
2022-06-30,673.42,21.72,651.6999999999999,0.5726922316694931
2022-06-29,685.47,21.86,663.61,0.6090298009427677
2022-06-28,697.99,22.36,675.63,0.6457029816870798
2022-06-27,734.76,22.95,711.81,0.7560886455247848
2022-06-24,737.12,24.08,713.04,0.7598413919736621
2022-06-23,705.21,23.05,682.1600000000001,0.6656260990132331
2022-06-22,708.26,22.55,685.71,0.6764571964876347
2022-06-21,711.11,22.66,688.45,0.6848169731298489
2022-06-17,650.28,20.77,629.51,0.50499024492105
2022-06-16,639.3,19.18,620.12,0.4763412293479144
2022-06-15,699.0,20.11,678.89,0.655649285283291
2022-06-14,662.67,18.66,644.01,0.549229938830578
2022-06-13,647.21,15.99,631.22,0.5102074777890014
2022-06-10,696.69,18.14,678.5500000000001,0.6546119407364471
2022-06-09,719.12,18.82,700.3,0.7209714816007388
2022-06-08,725.6,20.38,705.22,0.7359824673962478
2022-06-07,716.66,19.65,697.01,0.7109336476033357
2022-06-06,714.84,19.18,695.6600000000001,0.7068147795496902
2022-06-03,703.55,18.08,685.4699999999999,0.6757249532780972
2022-06-02,775.0,18.85,756.15,0.8913705784867485
2022-06-01,740.37,17.57,722.8,0.789619282494834
2022-05-31,758.26,17.39,740.87,0.8447510941462253
2022-05-27,759.63,16.57,743.06,0.8514328134332504
2022-05-26,707.73,16.03,691.7,0.6947327665923293
2022-05-25,658.8,14.64,644.16,0.5496875908365386
2022-05-24,628.16,14.63,613.53,0.4562350512193771
2022-05-23,674.9,16.0,658.9,0.5946595279556037
2022-05-20,663.9,16.44,647.4599999999999,0.5597559349676725
2022-05-19,709.42,16.66,692.76,0.6979668407677844
2022-05-18,709.81,15.83,693.9799999999999,0.7016890770829306
2022-05-17,761.61,16.63,744.98,0.8572907591095467
2022-05-16,724.37,14.55,709.82,0.750017128912374
2022-05-13,769.59,14.31,755.2800000000001,0.8887161968521772
2022-05-12,728.0,13.1,714.9,0.765516276847574
2022-05-11,734.0,12.71,721.29,0.785012252301497
2022-05-10,800.04,13.44,786.5999999999999,0.9842739356967571
2022-05-09,787.11,13.55,773.5600000000001,0.9444887213119131
2022-05-06,865.65,14.92,850.73,1.179935423311794
2022-05-05,873.28,15.38,857.9,1.2018111891967123
2022-05-04,952.62,18.13,934.49,1.4354883034402124
2022-05-03,909.25,17.53,891.72,1.3049964614739702
2022-05-02,902.94,17.5,885.44,1.2858360974910852
2022-04-29,870.76,16.7,854.06,1.19009529784412
2022-04-28,877.51,16.93,860.58,1.2099879050365425
2022-04-27,881.51,16.76,864.75,1.222710630802248
2022-04-26,876.42,16.36,860.06,1.2084013780825453
2022-04-25,998.02,17.31,980.71,1.5765061415435495
2022-04-22,1005.05,17.18,987.87,1.598351397294737
2022-04-21,1008.78,17.15,991.63,1.6098232075774834
2022-04-20,977.2,18.15,959.0500000000001,1.5104211918828339
2022-04-19,1028.15,19.87,1008.2800000000001,1.6606225802391144
2022-04-18,1004.29,19.17,985.12,1.589961110518792
2022-04-14,985.0,19.65,965.35,1.5296425761331804
2022-04-13,1022.37,20.42,1001.95,1.6413096655875754
2022-04-12,986.95,19.46,967.49,1.5361717447515522
2022-04-11,975.93,19.7,956.2299999999999,1.5018173341707735
2022-04-08,1025.49,20.0,1005.49,1.6521102529282463
2022-04-07,1057.26,20.36,1036.9,1.7479425829764033
2022-04-06,1045.76,21.68,1024.08,1.7088285915336339
2022-04-05,1091.26,22.47,1068.79,1.8452393994436338
2022-04-04,1145.45,23.85,1121.6000000000001,2.0063634156755086
2022-04-01,1084.59,21.93,1062.6599999999999,1.826536687466709
2022-03-31,1077.6,21.05,1056.55,1.807894995757246
2022-03-30,1093.99,22.17,1071.82,1.8544839699640385
2022-03-29,1099.57,21.88,1077.6899999999998,1.8723934184639646
2022-03-28,1091.84,21.21,1070.6299999999999,1.850853264050084
2022-03-25,1010.64,19.91,990.73,1.6070772955417199
2022-03-24,1013.92,21.98,991.9399999999999,1.6107690217231354
2022-03-23,999.11,21.87,977.24,1.5659191251389935
2022-03-22,993.98,21.77,972.21,1.550572527872447
2022-03-21,921.16,20.26,900.9,1.333004764238761
2022-03-18,905.39,20.86,884.53,1.2830596753215904
2022-03-17,871.6,18.82,852.78,1.1861900007265893
2022-03-16,840.23,18.75,821.48,1.0906932821494704
2022-03-15,801.89,14.93,786.96,0.9853723005110631
2022-03-14,766.37,14.1,752.27,0.8795326465992335
2022-03-11,795.35,16.07,779.28,0.9619405178058783
2022-03-10,838.3,17.77,820.53,1.0877948194450529
2022-03-09,858.97,20.17,838.8000000000001,1.1435368337710585
2022-03-08,824.4,17.98,806.42,1.0447450207510225
2022-03-07,804.58,18.12,786.46,0.9838467938245276
2022-03-04,838.29,18.63,819.66,1.0851404378104812
2022-03-03,839.29,19.88,819.41,1.0843776844672135
2022-03-02,879.89,21.77,858.12,1.202482412138788
2022-03-01,864.37,21.87,842.5,1.1548255832514205
2022-02-28,870.43,22.84,847.5899999999999,1.1703552413203513
2022-02-25,809.87,20.94,788.93,0.9913827968560125
2022-02-24,800.77,21.22,779.55,0.9627642914166075
2022-02-23,764.04,20.46,743.5799999999999,0.8530193403872471
2022-02-22,821.53,21.77,799.76,1.0244252716863704
2022-02-18,856.98,23.21,833.77,1.1281902365045116
2022-02-17,876.35,24.72,851.63,1.1826813353475578
2022-02-16,923.39,25.61,897.78,1.3234856025147796
2022-02-15,922.43,25.79,896.64,1.320007447269479
2022-02-14,875.76,23.79,851.97,1.1837186798944022
2022-02-11,860.0,24.1,835.9,1.1346888949891525
2022-02-10,904.55,25.35,879.1999999999999,1.2667977740431222
2022-02-09,932.0,26.1,905.9,1.3482598311041154
2022-02-08,922.0,24.69,897.31,1.3220516262294364
2022-02-07,907.34,23.99,883.35,1.2794594795413667
2022-02-04,923.32,23.96,899.36,1.328306203644232
2022-02-03,891.14,23.13,868.01,1.2326569343984592
2022-02-02,905.66,23.76,881.9,1.2750355101504138
2022-02-01,931.25,24.84,906.41,1.3498158479243816
2022-01-31,936.72,24.51,912.21,1.367511725488193
2022-01-28,846.35,20.9,825.45,1.1028058052405618
2022-01-27,829.1,21.11,807.99,1.049535111746744
2022-01-26,937.41,22.66,914.75,1.375261299455793
2022-01-25,918.4,23.79,894.61,1.313813890122145
2022-01-24,930.0,24.87,905.13,1.345910550806851
2022-01-21,943.9,27.35,916.55,1.3807531235273205
2022-01-20,996.27,29.13,967.14,1.5351038900709773
2022-01-19,995.65,28.63,967.02,1.5347377684662087
2022-01-18,1030.51,29.61,1000.9,1.6381061015458507
2022-01-14,1049.61,30.95,1018.6599999999999,1.6922920990515895
2022-01-13,1031.56,30.48,1001.0799999999999,1.6386552839530033
2022-01-12,1106.22,31.68,1074.54,1.8627827263387915
2022-01-11,1064.4,30.02,1034.38,1.7402540292762647
2022-01-10,1058.12,28.91,1029.2099999999998,1.7244802901374874
2022-01-07,1026.96,29.3,997.6600000000001,1.6282208182171014
2022-01-06,1064.7,29.31,1035.39,1.7433355527830663
2022-01-05,1088.12,29.88,1058.2399999999998,1.8130512083577355
2022-01-04,1149.59,31.58,1118.01,1.9954102776661835
2022-01-03,1199.78,33.47,1166.31,2.1427742235855076
2021-12-31,1056.78,31.68,1025.1,1.7119406251741662
2021-12-30,1070.34,32.42,1037.9199999999998,1.751054616616935
2021-12-29,1086.19,28.25,1057.94,1.812135904345815
2021-12-28,1088.47,29.63,1058.84,1.8148818163815783
2021-12-27,1093.94,29.96,1063.98,1.830564025119163
2021-12-23,1067.0,30.52,1036.48,1.7466611573597133
2021-12-22,1008.87,29.85,979.02,1.5713499289430595
2021-12-21,938.53,30.16,908.37,1.3557958341356007
2021-12-20,899.94,28.16,871.7800000000001,1.2441592548149367
2021-12-17,932.57,30.0,902.57,1.3380999565717895
2021-12-16,926.92,30.07,896.8499999999999,1.3206481600778235
2021-12-15,975.99,30.79,945.2,1.468164656665802
2021-12-14,958.51,32.3,926.21,1.4102259127111856
2021-12-13,966.41,33.66,932.75,1.430179540171069
2021-12-10,1017.03,34.26,982.77,1.5827912290920754
2021-12-09,1003.8,34.05,969.75,1.5430670349746922
2021-12-08,1068.96,35.05,1033.91,1.7388200529909212
2021-12-07,1051.75,33.12,1018.63,1.6922005686503978
2021-12-06,1009.01,32.34,976.67,1.5641800475163428
2021-12-03,1014.97,32.15,982.82,1.582943779760729
2021-12-02,1084.6,36.2,1048.3999999999999,1.783029236766718
2021-12-01,1095.0,38.31,1056.69,1.8083221376294762
2021-11-30,1144.76,39.13,1105.6299999999999,1.9576387321075654
2021-11-29,1136.99,40.46,1096.53,1.9298745104126207
2021-11-26,1081.92,39.99,1041.93,1.7632891802429498
2021-11-24,1116.0,41.42,1074.58,1.8629047668737142
2021-11-23,1109.03,42.04,1066.99,1.8397475753721064
2021-11-22,1156.87,41.49,1115.3799999999999,1.9873861124950067
2021-11-19,1137.06,38.66,1098.3999999999999,1.935579905420263
2021-11-18,1096.38,38.41,1057.97,1.8122274347470069
2021-11-17,1089.01,39.67,1049.34,1.7858971893374047
2021-11-16,1054.73,40.67,1014.0600000000001,1.678257437535464
2021-11-15,1013.39,40.57,972.8199999999999,1.5524336460300197
2021-11-12,1033.42,42.67,990.7500000000001,1.6071383158091814
2021-11-11,1063.51,42.2,1021.31,1.7003772844902276
2021-11-10,1067.95,39.55,1028.4,1.7220089693053007
2021-11-09,1023.5,40.64,982.86,1.5830658202956518
2021-11-08,1162.94,43.2,1119.74,2.0006885308015963
2021-11-05,1222.09,42.29,1179.8,2.183932393988234
2021-11-04,1229.91,43.12,1186.7900000000002,2.2052589774660003
2021-11-03,1213.86,41.5,1172.36,2.1612328544925865
2021-11-02,1172.0,41.3,1130.7,2.0341276373704535
2021-11-01,1208.59,40.84,1167.75,2.14716768284273
2021-10-29,1114.0,39.41,1074.59,1.862935277007445
2021-10-28,1077.04,40.79,1036.25,1.745959424283907
2021-10-27,1037.86,39.31,998.55,1.630936220119134
2021-10-26,1018.43,40.47,977.9599999999999,1.5681158547676042
2021-10-25,1024.86,41.27,983.5899999999999,1.5852930600579933
2021-10-22,909.68,38.88,870.8,1.2411692617093268
2021-10-21,894.0,39.97,854.03,1.190003767442928
2021-10-20,865.8,39.78,826.02,1.104544882863212
2021-10-19,864.27,40.03,824.24,1.099114079059146
2021-10-18,870.11,39.61,830.5,1.1182134227745697
2021-10-15,843.03,37.71,805.3199999999999,1.0413889060406445
2021-10-14,818.32,36.28,782.0400000000001,0.9703613147155543
2021-10-13,811.08,36.24,774.84,0.9483940184294437
2021-10-12,805.72,35.51,770.21,0.9342678265121255
2021-10-11,791.94,35.64,756.3000000000001,0.8918282304927094
2021-10-08,785.49,35.83,749.66,0.8715695016955184
2021-10-07,793.61,35.99,757.62,0.8958555681451628
2021-10-06,782.75,33.66,749.09,0.8698304240728681
2021-10-05,780.59,33.87,746.72,0.8625995223786901
2021-10-04,781.53,33.4,748.13,0.86690145123472
2021-10-01,775.22,35.38,739.84,0.8416085503719624
2021-09-30,775.48,35.63,739.85,0.841639060505693
2021-09-29,781.31,35.13,746.18,0.8609519751572315
2021-09-28,777.56,35.05,742.51,0.8497547560780615
2021-09-27,791.36,36.77,754.59,0.886610997624758
2021-09-24,774.39,35.38,739.01,0.8390762092723133
2021-09-23,753.64,36.01,717.63,0.7738455433560576
2021-09-22,751.94,35.7,716.24,0.7696046347674891
2021-09-21,739.38,34.9,704.48,0.7337247175001753
2021-09-20,730.17,35.17,695.0,0.7048011107234632
2021-09-17,759.49,37.51,721.98,0.7871174515289161
2021-09-16,756.99,37.09,719.9,0.7807713437129284
2021-09-15,755.83,38.03,717.8000000000001,0.7743642156294799
2021-09-14,744.49,37.89,706.6,0.7401928658510857
2021-09-13,743.0,38.39,704.61,0.7341213492386746
2021-09-10,736.27,37.98,698.29,0.7148389447208663
2021-09-09,754.86,38.45,716.41,0.770123307040911
2021-09-08,753.87,38.14,715.73,0.7680486179472229
2021-09-07,752.92,40.59,712.3299999999999,0.7576751724787816
2021-09-03,733.57,40.37,693.2,0.6993092866519357
2021-09-02,732.39,40.35,692.04,0.6957701111391732
2021-09-01,734.09,39.08,695.01,0.7048316208571939
2021-08-31,735.72,39.31,696.4100000000001,0.7091030395794934
2021-08-30,730.91,37.8,693.11,0.6990346954483592
2021-08-27,711.92,38.05,673.87,0.6403331981504751
2021-08-26,701.16,38.26,662.9,0.6068635814478873
2021-08-25,711.2,38.95,672.25,0.6353905564861002
2021-08-24,708.49,38.94,669.55,0.6271528203788087
2021-08-23,706.3,38.17,668.13,0.6228203813890482
2021-08-20,680.26,36.92,643.34,0.5471857598706207
2021-08-19,673.47,36.29,637.1800000000001,0.528391517492504
2021-08-18,688.99,38.86,650.13,0.567902140673772
2021-08-17,665.71,38.1,627.61,0.4991933195122154
2021-08-16,686.17,38.62,647.55,0.5600305261712489
2021-08-13,717.17,41.03,676.14,0.647258998507346
2021-08-12,722.25,42.47,679.78,0.658364687185324
2021-08-11,707.82,43.97,663.85,0.6097620441523048
2021-08-10,709.99,44.22,665.77,0.6156199898286008
2021-08-09,713.76,45.21,668.55,0.6241018070057378
2021-08-06,699.1,43.84,655.26,0.5835538392776257
2021-08-05,714.63,45.6,669.03,0.6255662934248118
2021-08-04,710.92,45.09,665.8299999999999,0.6158030506309848
2021-08-03,709.74,44.57,665.17,0.6137893818047582
2021-08-02,709.67,45.85,663.8199999999999,0.6096705137511124
2021-07-30,687.2,44.68,642.5200000000001,0.5446839289047027
2021-07-29,677.35,42.62,634.73,0.5209165347284802
2021-07-28,646.98,41.84,605.14,0.43063704901931227
2021-07-27,644.78,39.36,605.42,0.43149133276377205
2021-07-26,657.62,43.17,614.45,0.4590419835226025
2021-07-23,643.38,43.99,599.39,0.4130937221241546
2021-07-22,649.26,46.07,603.1899999999999,0.4246875729418239
2021-07-21,655.29,46.77,608.52,0.4409494742202919
2021-07-20,660.5,44.17,616.33,0.4647778886639758
2021-07-19,646.22,43.35,602.87,0.42371124866244136
2021-07-16,644.22,42.8,601.4200000000001,0.4192872792714888
2021-07-15,650.6,43.68,606.9200000000001,0.43606785282337873
2021-07-14,653.38,43.05,610.33,0.4464718084255504
2021-07-13,668.54,44.96,623.5799999999999,0.48689773561873945
2021-07-12,685.7,46.34,639.36,0.5350427266457984
2021-07-09,656.95,45.53,611.4200000000001,0.4497974130021978
2021-07-08,652.81,45.6,607.2099999999999,0.43695264670156886
2021-07-07,644.65,46.04,598.61,0.4107139316931594
2021-07-06,659.58,50.29,609.2900000000001,0.4432987545175568
2021-07-02,678.9,50.4,628.5,0.5019087214142485
2021-07-01,677.92,50.9,627.02,0.4973932216221035
2021-06-30,679.7,53.2,626.5,0.4958066946681067
2021-06-29,680.76,50.34,630.42,0.5077666670905445
2021-06-28,688.72,49.4,639.32,0.5349206861108757
2021-06-25,671.87,45.07,626.8,0.4967219986800278
2021-06-24,679.82,45.46,634.36,0.519787659780444
2021-06-23,656.57,45.41,611.1600000000001,0.44900414952519935
2021-06-22,623.71,44.1,579.61,0.3527446776048123
2021-06-21,620.83,46.51,574.32,0.3366048168612674
2021-06-18,623.31,46.91,576.4,0.34295092467725463
2021-06-17,616.6,47.36,569.24,0.3211056689260671
2021-06-16,604.87,45.02,559.85,0.2924566533529314
2021-06-15,599.36,45.15,554.21,0.2752489379288116
2021-06-14,617.69,46.55,571.1400000000001,0.3269025943349021
2021-06-11,609.89,45.68,564.21,0.3057590716595206
2021-06-10,610.12,42.76,567.36,0.31536976378469384
2021-06-09,598.78,42.74,556.04,0.2808322924015311
2021-06-08,603.59,43.56,560.03,0.29300583576008404
2021-06-07,605.13,43.68,561.45,0.2973382747498449
2021-06-04,599.05,41.94,557.1099999999999,0.2840968767107168
2021-06-03,572.84,40.9,531.94,0.20730287011052279
2021-06-02,605.12,41.16,563.96,0.30499631831625285
2021-06-01,623.9,42.34,581.56,0.3586941536823004
2021-05-28,625.22,38.62,586.6,0.37407126108257793
2021-05-27,630.85,38.91,591.94,0.39036367249477666
2021-05-26,619.13,37.76,581.37,0.3581144611414171
2021-05-25,604.69,36.07,568.62,0.31921404063476316
2021-05-24,606.44,35.89,570.5500000000001,0.32510249644479017
2021-05-21,580.88,34.06,546.8199999999999,0.25270194910181737
2021-05-20,586.78,34.33,552.4499999999999,0.2698791543922065
2021-05-19,563.46,33.46,530.0,0.20138390416676508
2021-05-18,577.87,34.19,543.6800000000001,0.24312176711037514
2021-05-17,576.83,33.81,543.02,0.2411080982841481
2021-05-14,589.74,33.42,556.32,0.28168657614599124
2021-05-13,571.69,31.22,540.47,0.23332801418281746
2021-05-12,589.89,33.68,556.21,0.2813509646749534
2021-05-11,617.2,34.87,582.33,0.3610434339795653
2021-05-10,629.04,34.33,594.7099999999999,0.3988149795381826
2021-05-07,672.37,36.94,635.4300000000001,0.52305224408963
2021-05-06,663.54,36.68,626.86,0.49690505948241226
2021-05-05,670.94,37.71,633.23,0.5163400146688739
2021-05-04,673.6,37.93,635.6700000000001,0.523784487299167
2021-05-03,684.9,39.54,645.36,0.5533488068842238
2021-04-30,709.44,39.84,669.6,0.6273053710474624
2021-04-29,677.0,38.99,638.01,0.5309238585921527
2021-04-28,694.4,41.19,653.21,0.5772992618628304
2021-04-27,704.74,41.21,663.53,0.608785719872922
2021-04-26,738.2,42.62,695.58,0.7065706984798444
2021-04-23,729.4,41.08,688.3199999999999,0.6844203413913494
2021-04-22,719.69,39.57,680.12,0.6594020317321683
2021-04-21,744.12,38.9,705.22,0.7359824673962478
2021-04-20,718.99,36.93,682.0600000000001,0.6653209976759259
2021-04-19,714.63,36.78,677.85,0.6524762313752973
2021-04-16,739.78,36.09,703.6899999999999,0.7313144169354491
2021-04-15,738.85,35.66,703.19,0.729788910248914
2021-04-14,732.23,37.02,695.21,0.7054418235318082
2021-04-13,762.32,38.48,723.84,0.792792336402828
2021-04-12,701.98,37.14,664.84,0.612782547391645
2021-04-09,677.02,38.12,638.9,0.5336392604941858
2021-04-08,683.8,38.7,645.0999999999999,0.5525555434072251
2021-04-07,670.97,37.27,633.7,0.5177739909542173
2021-04-06,691.62,40.0,651.62,0.5724481505996476
2021-04-05,691.05,39.31,651.74,0.5728142722044162
2021-04-01,661.75,39.66,622.09,0.4823517256928641
2021-03-31,667.93,38.98,628.9499999999999,0.5032816774321301
2021-03-30,635.62,37.55,598.07,0.40906638447170124
2021-03-29,611.29,35.51,575.78,0.34105929638595067
2021-03-26,618.71,36.13,582.58,0.361806187322833
2021-03-25,640.39,37.94,602.45,0.4224298230457517
2021-03-24,630.27,36.96,593.31,0.39454356081588343
2021-03-23,662.16,41.18,620.98,0.4789651008487554
2021-03-22,670.0,42.94,627.06,0.49751526215702624
2021-03-19,654.87,43.35,611.52,0.4501025143395046
2021-03-18,653.16,41.63,611.53,0.4501330244732353
2021-03-17,701.81,44.76,657.05,0.5890151532154225
2021-03-16,676.88,43.68,633.2,0.5162484842676819
2021-03-15,707.94,44.93,663.0100000000001,0.6071991929189254
2021-03-12,693.73,45.5,648.23,0.5621052152649374
2021-03-11,699.6,46.03,653.57,0.578397626677136
2021-03-10,668.06,41.32,626.7399999999999,0.49653893787764336
2021-03-09,673.58,41.35,632.23,0.513289001295803
2021-03-08,563.0,35.21,527.79,0.19464116461227826
2021-03-05,597.95,38.11,559.84,0.29242614321920074
2021-03-04,621.44,39.28,582.1600000000001,0.36052476170614334
2021-03-03,653.2,41.53,611.6700000000001,0.4505601663454655
2021-03-02,686.44,43.29,643.1500000000001,0.5466060673297374
2021-03-01,718.43,49.76,668.67,0.6244679286105063
2021-02-26,675.5,45.78,629.72,0.505630957729395
2021-02-25,682.22,46.81,635.4100000000001,0.5229912238221687
2021-02-24,742.02,51.86,690.16,0.6900342059978
2021-02-23,698.84,49.11,649.73,0.5666817353245437
2021-02-22,714.5,50.68,663.82,0.6096705137511127
2021-02-19,781.3,55.04,726.26,0.8001757887656594
2021-02-18,787.38,54.43,732.95,0.8205870682315038
2021-02-17,798.15,57.32,740.8299999999999,0.8446290536113021
2021-02-16,796.22,59.23,736.99,0.8329131622587101
2021-02-12,816.12,59.85,756.27,0.8917367000915171
2021-02-11,811.66,60.27,751.39,0.876847754830931
2021-02-10,804.82,61.26,743.5600000000001,0.8529583201197861
2021-02-09,849.46,62.84,786.62,0.9843349559642188
2021-02-08,863.42,59.07,804.3499999999999,1.0384294230687656
2021-02-05,852.23,56.67,795.5600000000001,1.0116110155194729
2021-02-04,849.99,57.6,792.39,1.0019393031268378
2021-02-03,854.69,57.98,796.71,1.0151196808985044
2021-02-02,872.79,55.77,817.02,1.077085762505574
2021-02-01,839.81,56.99,782.8199999999999,0.9727411051465492
2021-01-29,793.53,57.0,736.53,0.8315096961070975
2021-01-28,835.43,58.37,777.06,0.9551672681176608
2021-01-27,864.16,57.15,807.01,1.0465451186411343
2021-01-26,883.09,60.31,822.78,1.0946595995344623
2021-01-25,880.8,59.99,820.81,1.0886491031895127
2021-01-22,846.64,61.95,784.6899999999999,0.9784465001541918
2021-01-21,844.99,58.34,786.65,0.9844264863654109
2021-01-20,850.45,57.71,792.74,1.0030071578074127
2021-01-19,844.55,58.44,786.1099999999999,0.9827789391439523
2021-01-15,826.16,56.27,769.89,0.9332915022327427
2021-01-14,845.0,60.87,784.13,0.9767379326652723
2021-01-13,854.41,62.15,792.26,1.0015426713883386
2021-01-12,849.44,62.04,787.4000000000001,0.9867147463952144
2021-01-11,811.19,62.7,748.49,0.8679998160490255
2021-01-08,880.02,58.92,821.1,1.0895338970677035
2021-01-07,816.04,54.28,761.76,0.9084867635096763
2021-01-06,755.98,50.5,705.48,0.7367757308732462
2021-01-05,735.11,53.2,681.91,0.6648633456699651
2021-01-04,729.77,53.49,676.28,0.6476861403795758
2020-12-31,705.67,48.74,656.93,0.588649031610654
2020-12-30,694.78,48.38,646.4,0.5565218607922174
2020-12-29,665.99,46.14,619.85,0.4755174557371853
2020-12-28,663.69,44.06,619.6300000000001,0.47484623279510996
2020-12-24,661.77,45.77,616.0,0.4637710542508623
2020-12-23,645.98,47.01,598.97,0.411812296507465
2020-12-22,640.34,47.58,592.76,0.3928655034606946
2020-12-21,649.86,48.95,600.91,0.41773126245122233
2020-12-18,695.0,46.72,648.28,0.5622577659335908
2020-12-17,655.9,46.0,609.9,0.44515987267512974
2020-12-16,622.77,44.67,578.1,0.3481376474114753
2020-12-15,633.25,43.5,589.75,0.3836819532077512
2020-12-14,639.83,40.98,598.85,0.4114461749026964
2020-12-11,609.99,41.98,568.01,0.3173529224771899
2020-12-10,627.07,45.22,581.85,0.3595789475604912
2020-12-09,604.48,44.01,560.47,0.2943482816442354
2020-12-08,649.88,46.56,603.3199999999999,0.4250842046803231
2020-12-07,641.76,45.11,596.65,0.4047339454819403
2020-12-04,599.04,43.04,556.0,0.2807102518666084
2020-12-03,593.38,45.35,548.03,0.25639367528323326
2020-12-02,568.82,47.98,520.84,0.17343662166943574
2020-12-01,584.76,45.36,539.4,0.23006342987363143
2020-11-30,567.6,50.53,517.07,0.16193430125295852
2020-11-27,585.76,54.0,531.76,0.20675368770336983
2020-11-25,574.0,53.69,520.31,0.1718195845817079
2020-11-24,555.38,53.51,501.87,0.11555889798228074
2020-11-23,521.85,55.38,466.47,0.007553024575571024
2020-11-20,489.61,49.25,440.36,-0.07210893459531015
2020-11-19,499.27,48.45,450.82,-0.040195334712988626
2020-11-18,486.64,45.06,441.58,-0.06838669828016375
2020-11-17,441.61,46.59,395.02,-0.21044188093034474
2020-11-16,408.09,45.58,362.51,-0.3096303256888796
2020-11-13,408.5,44.56,363.94,-0.3052673765653882
2020-11-12,411.76,48.3,363.46,-0.3067318629844623
2020-11-11,417.13,43.08,374.05,-0.2744216313636414
2020-11-10,410.36,41.55,368.81,-0.2904089414385329
2020-11-09,421.26,44.02,377.24,-0.26468889870354523
2020-11-06,429.95,41.63,388.32,-0.23088367052991973
2020-11-05,438.09,42.35,395.73999999999995,-0.2082451513017338
2020-11-04,420.98,37.71,383.27000000000004,-0.24629128806392764
2020-11-03,423.9,35.5,388.4,-0.2306395894600741
2020-11-02,400.51,33.32,367.19,-0.29535158310290777
2020-10-30,388.04,30.58,357.46000000000004,-0.3250379432228875
2020-10-29,410.83,31.99,378.84,-0.2598072773066319
2020-10-28,406.02,27.51,378.51,-0.2608141117197452
2020-10-27,424.68,28.44,396.24,-0.20671964461519818
2020-10-26,420.28,26.01,394.27,-0.21273014096014792
2020-10-23,420.63,27.16,393.46999999999997,-0.21517095165860467
2020-10-22,425.79,27.38,398.41,-0.20009894559563426
2020-10-21,422.64,27.86,394.78,-0.2111741241398818
2020-10-20,421.94,27.96,393.98,-0.21361493483833838
2020-10-19,430.83,27.63,403.2,-0.1854845915386248
2020-10-16,439.67,28.48,411.19,-0.16110699468778827
2020-10-15,448.88,28.07,420.81,-0.13175624603884623
2020-10-14,461.3,26.5,434.8,-0.08907256894958435
2020-10-13,446.65,21.62,425.03,-0.11888096960448714
2020-10-12,442.3,21.85,420.45,-0.1328546108531518
2020-10-09,434.0,21.47,412.53,-0.15701863676787337
2020-10-08,425.92,21.44,404.48,-0.18157929442109394
2020-10-07,425.3,21.56,403.74,-0.18383704431716644
2020-10-06,413.98,20.67,393.31,-0.21565911379829591
2020-10-05,425.68,21.59,404.09000000000003,-0.18276918963659156
2020-10-02,415.09,21.18,393.90999999999997,-0.21382850577445348
2020-10-01,448.16,21.76,426.40000000000003,-0.11470108128337983
2020-09-30,429.01,21.22,407.78999999999996,-0.17148044015622943
2020-09-29,419.07,20.85,398.21999999999997,-0.2006786381365179
2020-09-28,421.2,18.81,402.39,-0.18795591237081222
2020-09-25,407.34,18.32,389.02,-0.22874796116877014
2020-09-24,387.79,17.85,369.94,-0.2869612963269628
2020-09-23,380.36,17.96,362.40000000000003,-0.30996593715991727
2020-09-22,424.23,19.23,405.0,-0.17999276746709714
2020-09-21,449.39,18.81,430.58,-0.10194784538394362
2020-09-18,442.15,19.41,422.73999999999995,-0.12586779022881955
2020-09-17,423.43,19.3,404.13,-0.18264714910166882
2020-09-16,441.76,19.01,422.75,-0.1258372800950887
2020-09-15,449.76,19.19,430.57,-0.1019783555176743
2020-09-14,419.62,18.73,400.89,-0.19253243243041857
2020-09-11,372.72,17.97,354.75,-0.3333061894639097
2020-09-10,371.34,17.74,353.59999999999997,-0.3368148548429414
2020-09-09,366.28,18.09,348.19,-0.35332083719125484
2020-09-08,330.21,17.03,313.17999999999995,-0.4601368153824671
2020-09-04,418.32,17.98,400.34,-0.1942104897856076
2020-09-03,407.0,18.7,388.3,-0.23094469079738109
2020-09-02,447.37,19.9,427.47,-0.11143649697419399
2020-09-01,475.05,20.12,454.93,-0.027655669749667197
2020-08-31,498.32,19.03,479.28999999999996,0.04666701601833974
2020-08-28,2213.4,18.5,2194.9,5.281016068992503
2020-08-27,2238.75,19.88,2218.87,5.354148859545012
2020-08-26,2153.17,20.44,2132.73,5.091334567588685
2020-08-25,2023.34,17.84,2005.5,4.703154136132875
2020-08-24,2014.2,14.97,1999.23,4.684024282283721
2020-08-21,2049.98,14.12,2035.8600000000001,4.795782902139308
2020-08-20,2001.83,13.78,1988.05,4.649913952772787
2020-08-19,1878.53,14.06,1864.47,4.272869720128686
2020-08-18,1887.09,14.3,1872.79,4.298254151392636
2020-08-17,1835.64,14.05,1821.5900000000001,4.142042266691407
2020-08-14,1650.71,13.1,1637.6100000000001,3.580716826313823
2020-08-13,1621.0,13.36,1607.64,3.489277955522887
2020-08-12,1554.76,13.36,1541.4,3.2871788296906717
2020-08-11,1374.39,12.99,1361.4,2.7379964225379094
2020-08-10,1418.57,14.21,1404.36,2.869067957045035
2020-08-07,1452.71,13.42,1439.29,2.9756398541664013
2020-08-06,1489.58,13.84,1475.74,3.086849291614836
2020-08-05,1485.02,13.92,1471.1,3.0726925895637867
2020-08-04,1487.0,13.64,1473.36,3.079587879786927
2020-08-03,1485.0,13.6,1471.4,3.0736078935757085
2020-07-31,1430.76,11.94,1418.82,2.91318561041964
2020-07-30,1487.49,12.2,1475.29,3.0854763355969537
2020-07-29,1499.11,12.7,1486.4099999999999,3.119403604305502
2020-07-28,1476.49,12.27,1464.22,3.0517016175570593
2020-07-27,1539.6,11.69,1527.9099999999999,3.2460206592879444
2020-07-24,1417.0,11.82,1405.18,2.8715697880109534
2020-07-23,1513.07,12.15,1500.9199999999998,3.16367380834876
2020-07-22,1592.33,12.38,1579.9499999999998,3.404795395222554
2020-07-21,1568.36,12.88,1555.4799999999998,3.330137097983508
2020-07-20,1643.0,12.82,1630.18,3.558047796951905
2020-07-17,1500.84,11.09,1489.75,3.1295939889715596
2020-07-16,1500.64,12.94,1487.7,3.123339411556764
2020-07-15,1546.01,13.52,1532.49,3.2599943005366088
2020-07-14,1516.8,14.09,1502.71,3.1691351222865585
2020-07-13,1497.06,13.84,1483.22,3.109670871645406
2020-07-10,1544.65,14.98,1529.67,3.2513904428245497
2020-07-09,1394.28,14.57,1379.71,2.793860477398838
2020-07-08,1365.88,12.88,1353.0,2.712367910204114
2020-07-07,1389.86,13.22,1376.6399999999999,2.7844938663435093
2020-07-06,1371.58,11.51,1360.07,2.733938574751725
2020-07-02,1208.66,9.38,1199.28,2.2433661344956555
2020-07-01,1119.63,7.91,1111.72,1.9762194035495677
2020-06-30,1079.81,7.72,1072.09,1.8553077435747678
2020-06-29,1009.35,7.23,1002.12,1.6418283378609972
2020-06-26,959.74,6.9,952.84,1.4914743988360635
2020-06-25,985.98,7.08,978.9,1.570983807338291
2020-06-24,960.85,6.86,953.99,1.494983064215095
2020-06-23,1001.78,7.23,994.55,1.6187321666268504
2020-06-22,994.32,7.43,986.8900000000001,1.5953614041891278
2020-06-19,1000.9,7.34,993.56,1.6157116633875102
2020-06-18,1003.96,7.18,996.7800000000001,1.625535926448799
2020-06-17,991.79,6.84,984.9499999999999,1.5894424382453698
2020-06-16,982.13,6.99,975.14,1.5595119970555444
2020-06-15,990.9,6.83,984.0699999999999,1.5867575464770673
2020-06-12,935.28,6.1,929.18,1.4192874224292058
2020-06-11,972.84,5.91,966.9300000000001,1.5344631772626325
2020-06-10,1025.05,6.3,1018.75,1.6925666902551664
2020-06-09,940.67,6.68,933.99,1.433962796753677
2020-06-08,949.92,5.97,943.9499999999999,1.4643508899494628
2020-06-05,885.66,5.59,880.0699999999999,1.269452155677694
2020-06-04,864.38,5.97,858.41,1.2033672060169784
2020-06-03,882.96,5.6,877.36,1.2611839094366721
2020-06-02,881.56,4.7,876.8599999999999,1.2596584027501363
2020-06-01,898.1,4.26,893.84,1.3114646098248806
2020-05-29,835.0,3.98,831.02,1.1197999497285667
2020-05-28,805.81,3.83,801.9799999999999,1.0311985213745876
2020-05-27,820.23,4.17,816.0600000000001,1.0741567896674262
2020-05-26,818.87,3.82,815.05,1.0710752661606242
2020-05-22,816.88,3.27,813.61,1.0666818069034023
2020-05-21,827.6,3.33,824.27,1.099205609460338
2020-05-20,815.56,3.48,812.0799999999999,1.0620137564426035
2020-05-19,808.01,3.69,804.3199999999999,1.0383378926675735
2020-05-18,813.63,3.61,810.02,1.0557286688940777
2020-05-15,799.17,3.37,795.8,1.0123432587290095
2020-05-14,803.33,3.45,799.88,1.024791393291139
2020-05-13,790.96,3.44,787.52,0.9870808679999826
2020-05-12,809.41,3.62,805.79,1.0428228823259877
2020-05-11,811.29,3.74,807.55,1.0481926658625926
2020-05-08,819.42,3.77,815.65,1.0729058741844668
2020-05-07,780.04,3.63,776.41,0.9531841094251648
2020-05-06,782.58,3.62,778.96,0.9609641935264959
2020-05-05,768.21,3.28,764.9300000000001,0.9181584759023113
2020-05-04,761.19,3.34,757.85,0.8965573012209692
2020-05-01,701.32,3.18,698.1400000000001,0.7143812927149061
2020-04-30,781.88,3.41,778.47,0.959469196973691
2020-04-29,800.51,3.61,796.9,1.0156993734393875
2020-04-28,769.12,3.34,765.78,0.9207518372694212
2020-04-27,798.75,3.24,795.51,1.0114584648508191
2020-04-24,725.15,2.94,722.2099999999999,0.7878191846047221
2020-04-23,705.63,3.06,702.57,0.72789728195761
2020-04-22,732.11,3.09,729.02,0.8085965856753351
2020-04-21,686.72,3.02,683.7,0.6703246596077622
2020-04-20,746.36,3.19,743.17,0.8517684249042882
2020-04-17,753.89,3.21,750.68,0.8746815353360506
2020-04-16,745.21,3.25,741.96,0.8480766987228726
2020-04-15,729.83,3.2,726.63,0.8013046637136957
2020-04-14,709.89,3.01,706.88,0.7410471495955454
2020-04-13,650.95,2.97,647.98,0.5613424619216696
2020-04-09,573.0,2.67,570.33,0.3244312735027145
2020-04-08,548.84,2.74,546.1,0.2505052194732066
2020-04-07,545.45,2.7,542.75,0.240284324673419
2020-04-06,516.24,2.47,513.77,0.15186595712182435
2020-04-03,480.01,2.4,477.61,0.041541313551580784
2020-04-02,454.47,2.39,452.08000000000004,-0.03635105786291915
2020-04-01,481.56,2.65,478.91,0.045507630936572986
2020-03-31,524.0,2.78,521.22,0.17459600675120268
2020-03-30,502.13,2.71,499.42,0.10808391521825707
2020-03-27,514.36,2.84,511.52000000000004,0.145001177032415
2020-03-26,528.16,2.93,525.23,0.18683057037721695
2020-03-25,539.25,2.76,536.49,0.22118498095799521
2020-03-24,505.0,2.6,502.4,0.11717593507000823
2020-03-23,434.29,2.37,431.92,-0.09785948746402852
2020-03-20,427.53,2.4,425.13,-0.11857586826717999
2020-03-19,427.64,2.38,425.26,-0.11817923652868077
2020-03-18,361.22,2.43,358.79,-0.32098009543670325
2020-03-17,430.2,2.9,427.3,-0.11195516924761609
2020-03-16,445.07,2.94,442.13,-0.06670864092497472
2020-03-13,546.62,3.11,543.51,0.24260309483695286
2020-03-12,560.55,3.13,557.42,0.28504269085636896
2020-03-11,634.23,3.32,630.91,0.5092616636433492
2020-03-10,645.33,3.5,641.83,0.5425787296772837
2020-03-09,608.0,3.29,604.71,0.42932511326889194
2020-03-06,703.48,3.55,699.9300000000001,0.7198426066527029
2020-03-05,724.54,3.72,720.8199999999999,0.7835782760161536
2020-03-04,749.5,3.87,745.63,0.8592739178020428
2020-03-03,745.51,4.06,741.45,0.8465206819026065
2020-03-02,743.62,4.11,739.51,0.8406017159588488
2020-02-28,667.99,4.13,663.86,0.6097925542860355
2020-02-27,679.0,4.14,674.86,0.6433537013898153
2020-02-26,778.8,4.34,774.4599999999999,0.9472346333476764
2020-02-25,799.91,4.4,795.51,1.0114584648508191
2020-02-24,833.79,3.88,829.91,1.1164133248844579
2020-02-21,901.0,4.08,896.92,1.3208617310139388
2020-02-20,899.41,4.26,895.15,1.3154614373436033
2020-02-19,917.42,4.08,913.3399999999999,1.3709593705997627
2020-02-18,858.4,3.8,854.6,1.1917428450655785
2020-02-14,800.03,3.77,796.26,1.0137467248806222
2020-02-13,804.0,4.03,799.97,1.0250659844947154
2020-02-12,767.29,4.07,763.2199999999999,0.9129412430343595
2020-02-11,774.38,3.96,770.42,0.9349085393204701
2020-02-10,771.28,3.87,767.41,0.9257249890675268
2020-02-07,748.07,3.81,744.2600000000001,0.8550940294809359
2020-02-06,748.96,4.08,744.88,0.8569856577722396
2020-02-05,734.7,4.39,730.3100000000001,0.8125323929265967
2020-02-04,887.06,4.51,882.55,1.27701866884291
2020-02-03,780.0,4.06,775.94,0.9517501331398218
2020-01-31,650.57,3.78,646.7900000000001,0.5577117560077154
2020-01-30,640.81,4.08,636.7299999999999,0.5270185614746217
2020-01-29,580.99,4.27,576.72,0.3439272489566375
2020-01-28,566.9,4.21,562.6899999999999,0.3011215313324525
2020-01-27,558.02,4.01,554.01,0.2746387352541973
2020-01-24,564.82,4.66,560.1600000000001,0.29340246749858356
2020-01-23,572.2,4.92,567.2800000000001,0.3151256827148484
2020-01-22,569.56,4.79,564.77,0.3074676391484401
2020-01-21,547.2,5.17,542.0300000000001,0.23808759504480823
2020-01-17,510.5,4.67,505.83,0.12764091093964142
2020-01-16,513.49,4.37,509.12,0.13767874493704474
2020-01-15,518.5,4.29,514.21,0.1532084030059757
2020-01-14,537.92,3.76,534.16,0.21407611979873992
2020-01-13,524.86,3.7,521.16,0.17441294594881823
2020-01-10,478.15,3.51,474.64,0.03247980383356013
2020-01-09,481.34,3.46,477.88,0.04236508716230987
2020-01-08,492.14,3.39,488.75,0.07552960252759054
2020-01-07,469.06,3.24,465.82,0.005569865883074837
2020-01-06,451.54,3.68,447.86,-0.04922633429727842
2020-01-03,443.01,3.83,439.18,-0.07570913037553384
2020-01-02,430.26,3.72,426.53999999999996,-0.11427393941115012
2019-12-31,418.33,4.02,414.31,-0.15158783296380707
2019-12-30,414.7,3.72,410.97999999999996,-0.1617477074961333
2019-12-27,430.38,2.42,427.96,-0.1099415004213894
2019-12-26,430.94,2.51,428.43,-0.10850752413604599
2019-12-24,425.25,2.53,422.72,-0.12592881049628074
2019-12-23,419.22,2.67,416.55,-0.14475356300812822
2019-12-20,405.59,2.69,402.9,-0.1863998955505461
2019-12-19,404.04,2.62,401.42,-0.1909153953426909
2019-12-18,393.15,2.63,390.52,-0.2241714411091638
2019-12-17,378.99,2.59,376.40000000000003,-0.2672517499369247
2019-12-16,381.5,2.48,379.02,-0.2592580948994791
2019-12-13,358.39,2.39,356.0,-0.3294924227475711
2019-12-12,359.68,2.27,357.41,-0.3251904938915411
2019-12-11,352.7,2.26,350.44,-0.3464560571018453
2019-12-10,348.84,2.27,346.57,-0.3582634788556297
2019-12-09,339.53,2.22,337.30999999999995,-0.3865158626902664
2019-12-06,335.89,2.26,333.63,-0.3977435919031671
2019-12-05,330.37,2.27,328.1,-0.4146156958562491
2019-12-04,333.03,2.42,330.60999999999996,-0.4069576522898413
2019-12-03,336.2,2.4,333.8,-0.397224919629745
2019-12-02,334.87,2.44,332.43,-0.40140480795085215
2019-11-29,329.94,2.27,327.67,-0.4159276316066696
2019-11-27,331.29,2.46,328.83000000000004,-0.4123884560939073
2019-11-26,328.92,2.28,326.64000000000004,-0.41907017538093255
2019-11-25,336.34,2.05,334.28999999999996,-0.39572992307694044
2019-11-22,333.04,1.94,331.1,-0.4054626557370364
2019-11-21,354.83,1.98,352.84999999999997,-0.3391031148727445
2019-11-20,352.22,1.84,350.38000000000005,-0.3466391179042294
2019-11-19,359.52,1.83,357.69,-0.3243362101470813
2019-11-18,349.99,1.8,348.19,-0.35332083719125484
2019-11-15,352.17,1.8,350.37,-0.34666962803796025
2019-11-14,349.35,1.75,347.6,-0.3551209350813666
2019-11-13,346.11,1.9,344.21000000000004,-0.3654638704160769
2019-11-12,349.93,1.94,347.99,-0.353931039865869
2019-11-11,345.09,1.86,343.22999999999996,-0.3684538635216866
2019-11-08,337.14,1.98,335.15999999999997,-0.3930755414423687
2019-11-07,335.54,2.07,333.47,-0.3982317540428584
2019-11-06,326.58,2.03,324.55,-0.42544679333065083
2019-11-05,317.22,2.34,314.88000000000005,-0.45495009264824626
2019-11-04,317.47,1.71,315.76000000000005,-0.4522652008799439
2019-11-01,313.31,1.52,311.79,-0.46437772397103544
2019-10-31,314.92,1.45,313.47,-0.4592520215042763
2019-10-30,315.01,1.43,313.58,-0.45891641003323863
2019-10-29,316.22,1.39,314.83000000000004,-0.45510264331689987
2019-10-28,327.71,1.48,326.22999999999996,-0.42032109086389186
2019-10-25,328.13,1.51,326.62,-0.4191311956483941
2019-10-24,299.68,1.54,298.14,-0.5060240565134533
2019-10-23,254.68,1.53,253.15,-0.6432891481679129
2019-10-22,255.58,1.58,254.0,-0.6406957868008026
2019-10-21,253.5,1.69,251.81,-0.647377506087828
2019-10-18,256.95,1.52,255.42999999999998,-0.6363328376773114
2019-10-17,261.97,1.46,260.51000000000005,-0.620833689742111
2019-10-16,259.75,1.46,258.29,-0.6276069394303284
2019-10-15,257.89,1.55,256.34,-0.6335564155078168
2019-10-14,256.96,1.53,255.42999999999998,-0.6363328376773114
2019-10-11,247.89,1.56,246.32999999999998,-0.6640970593722565
2019-10-10,244.74,1.53,243.21,-0.6736162210962376
2019-10-09,244.53,1.64,242.89000000000001,-0.6745925453756203
2019-10-08,240.05,1.7,238.35000000000002,-0.6884441460893621
2019-10-07,237.72,1.55,236.17,-0.6950953552426569
2019-10-04,231.43,1.62,229.81,-0.7144998002953877
2019-10-03,233.03,1.64,231.39000000000001,-0.7096791991659356
2019-10-02,243.13,1.59,241.54,-0.6787114134292661
2019-10-01,244.69,1.32,243.37,-0.6731280589565463
2019-09-30,240.87,1.56,239.31,-0.6855151732512141
2019-09-27,242.13,1.75,240.38,-0.6822505889420283
2019-09-26,242.56,1.96,240.6,-0.6815793659999527
2019-09-25,228.7,2.05,226.64999999999998,-0.7241410025542918
2019-09-24,223.21,2.17,221.04000000000002,-0.7412571875772194
2019-09-23,241.23,2.72,238.51,-0.687955983949671
2019-09-20,240.62,3.04,237.58,-0.6907934263866268
2019-09-19,246.6,3.1,243.5,-0.6727314272180471
2019-09-18,243.49,3.08,240.41,-0.6821590585408361
2019-09-17,244.79,3.18,241.60999999999999,-0.6784978424931511
2019-09-16,242.81,3.12,239.69,-0.6843557881694472
2019-09-13,245.2,3.21,241.98999999999998,-0.6773384574113842
2019-09-12,245.87,3.19,242.68,-0.6752332581839652
2019-09-11,247.1,3.27,243.82999999999998,-0.6717245928049338
2019-09-10,235.54,3.32,232.22,-0.7071468580662869
2019-09-09,231.79,3.14,228.65,-0.7180389758081499
2019-09-06,227.45,2.98,224.47,-0.7307922117075862
2019-09-05,229.58,2.95,226.63000000000002,-0.724202022821753
2019-09-04,220.68,2.75,217.93,-0.75074583916747
2019-09-03,225.01,2.6,222.41,-0.7370772992561123
2019-08-30,225.61,2.86,222.75,-0.7360399547092682
2019-08-29,221.71,2.85,218.86,-0.747908396730514
2019-08-28,215.59,2.84,212.75,-0.7665500884399772
2019-08-27,214.08,2.91,211.17000000000002,-0.7713706895694292
2019-08-26,215.0,2.9,212.1,-0.7685332471324733
2019-08-23,211.4,2.92,208.48000000000002,-0.7795779155429898
2019-08-22,222.15,3.02,219.13,-0.7470846231197849
2019-08-21,220.83,3.05,217.78,-0.7512034911734305
2019-08-20,225.86,3.16,222.70000000000002,-0.7361925053779217
2019-08-19,226.83,3.0,223.83,-0.7327448602663517
2019-08-16,219.94,2.95,216.99,-0.7536137917381566
2019-08-15,215.64,2.82,212.82,-0.7663365175038622
2019-08-14,219.62,2.9,216.72,-0.7544375653488857
2019-08-13,235.0,3.15,231.85,-0.7082757330143231
2019-08-12,229.01,3.05,225.95999999999998,-0.7262462017817107
2019-08-09,235.01,3.13,231.88,-0.708184202613131
2019-08-08,238.3,3.17,235.13000000000002,-0.6982684091506505
2019-08-07,233.42,3.09,230.32999999999998,-0.7129132733413909
2019-08-06,230.75,3.08,227.67,-0.7210289689137594
2019-08-05,228.32,2.95,225.37,-0.7280462996718224
2019-08-02,234.34,3.27,231.07,-0.7106555234453183
2019-08-01,233.85,3.28,230.57,-0.7121810301318539
2019-07-31,241.61,3.47,238.14000000000001,-0.6890848588977071
2019-07-30,242.26,3.38,238.88,-0.6868271090016347
2019-07-29,235.77,3.46,232.31,-0.7068722668627104
2019-07-26,228.04,3.51,224.53,-0.7306091509052021
2019-07-25,228.82,3.5,225.32,-0.728198850340476
2019-07-24,264.88,3.67,261.21,-0.6186979803809616
2019-07-23,260.17,3.46,256.71000000000004,-0.6324275405597805
2019-07-22,255.68,3.38,252.3,-0.6458825095350231
2019-07-19,258.18,3.37,254.81,-0.6382244659686153
2019-07-18,253.54,3.43,250.10999999999999,-0.6525642288220486
2019-07-17,254.86,3.44,251.42000000000002,-0.6485674013033256
2019-07-16,252.38,3.3,249.07999999999998,-0.6557067725963115
2019-07-15,253.5,3.39,250.11,-0.6525642288220485
2019-07-12,245.08,3.45,241.63000000000002,-0.6784368222256896
2019-07-11,238.6,3.42,235.18,-0.698115858481997
2019-07-10,238.92,3.68,235.23999999999998,-0.6979327976796128
2019-07-09,230.06,3.69,226.37,-0.7249952862987515
2019-07-08,230.34,3.49,226.85,-0.7235307998796776
2019-07-05,233.1,3.26,229.84,-0.7144082698941956
2019-07-03,234.9,3.13,231.77,-0.7085198140841688
2019-07-02,224.55,2.82,221.73000000000002,-0.7391519883498004
2019-07-01,227.17,2.6,224.57,-0.7304871103702792
2019-06-28,223.46,2.55,220.91,-0.7416538193157187
2019-06-27,222.84,2.6,220.24,-0.7436979982756762
2019-06-26,219.27,2.55,216.72,-0.7544375653488857
2019-06-25,219.76,2.6,217.16,-0.7530951194647345
2019-06-24,223.64,2.64,221.0,-0.7413792281121423
2019-06-21,221.86,2.64,219.22000000000003,-0.7468100319162084
2019-06-20,219.62,2.83,216.79,-0.7542239944127708
2019-06-19,226.43,2.74,223.69,-0.7331720021385816
2019-06-18,224.74,2.53,222.21,-0.7376875019307265
2019-06-17,225.03,2.46,222.57,-0.736589137116421
2019-06-14,214.92,2.42,212.5,-0.7673128417832449
2019-06-13,213.91,2.52,211.39,-0.7706994666273537
2019-06-12,209.26,2.55,206.70999999999998,-0.7849782092133255
2019-06-11,217.1,2.61,214.48999999999998,-0.7612413251708339
2019-06-10,212.88,2.63,210.25,-0.7741776218726545
2019-06-07,204.5,2.76,201.74,-0.8001417456774877
2019-06-06,205.95,2.65,203.29999999999998,-0.7953821648154973
2019-06-05,196.59,2.83,193.76,-0.8244888323945936
2019-06-04,193.6,3.04,190.56,-0.8342520751884204
2019-06-03,178.97,2.96,176.01,-0.8786443197666021
2019-05-31,185.16,3.05,182.10999999999999,-0.8600331381908695
2019-05-30,188.22,3.24,184.98,-0.851276729810156
2019-05-29,189.86,3.61,186.25,-0.847401942826356
2019-05-28,188.7,4.0,184.7,-0.852131013554616
2019-05-24,190.63,3.86,186.76999999999998,-0.8458154158723592
2019-05-23,195.49,3.93,191.56,-0.8312010618153495
2019-05-22,192.73,4.05,188.67999999999998,-0.8399879803297938
2019-05-21,205.08,4.29,200.79000000000002,-0.803040208381905
2019-05-20,205.36,4.25,201.11,-0.8020638841025224
2019-05-17,211.03,4.42,206.61,-0.7852833105506325
2019-05-16,228.33,4.66,223.67000000000002,-0.7332330224060429
2019-05-15,231.95,4.71,227.23999999999998,-0.72234090466418
2019-05-14,232.31,4.67,227.64000000000001,-0.7211204993149515
2019-05-13,227.01,4.33,222.67999999999998,-0.7362535256453833
2019-05-10,239.52,4.56,234.96,-0.6987870814240725
2019-05-09,241.98,4.6,237.38,-0.691403629061241
2019-05-08,244.84,4.57,240.27,-0.6825862004130661
2019-05-07,247.06,4.84,242.22,-0.6766367243355779
2019-05-06,255.34,4.88,250.46,-0.6514963741414737
2019-05-03,255.03,5.02,250.01,-0.6528693301593556
2019-05-02,244.1,4.72,239.38,-0.6853016023150992
2019-05-01,234.01,4.68,229.32999999999998,-0.7159642867144618
2019-04-30,238.69,4.85,233.84,-0.702204216401912
2019-04-29,241.47,4.98,236.49,-0.6941190309632741
2019-04-26,235.14,4.92,230.22,-0.7132488848124287
2019-04-25,247.63,4.9,242.73,-0.6750807075153117
2019-04-24,258.66,5.0,253.66000000000003,-0.6417331313476468
2019-04-23,263.9,4.83,259.07,-0.6252271489993333
2019-04-22,262.75,4.78,257.97,-0.6285832637097112
2019-04-18,273.26,4.79,268.46999999999997,-0.5965476232924669
2019-04-17,271.23,4.59,266.64000000000004,-0.6021309777651864
2019-04-16,273.36,4.45,268.91,-0.5952051774083155
2019-04-15,266.38,4.75,261.63,-0.6174165547642717
2019-04-12,267.7,4.99,262.71,-0.6141214603213552
2019-04-11,268.42,5.01,263.41,-0.6119857509602055
2019-04-10,276.06,5.05,271.01,-0.5887980493248668
2019-04-09,272.31,5.08,267.23,-0.6003308798750746
2019-04-08,273.2,5.3,267.9,-0.5982867009151173
2019-04-05,274.96,5.36,269.59999999999997,-0.5930999781808968
2019-04-04,267.78,5.35,262.42999999999995,-0.6149757440658151
2019-04-03,291.81,5.31,286.5,-0.5415378521759985
2019-04-02,285.88,5.39,280.49,-0.5598744425481545
2019-04-01,289.18,5.21,283.97,-0.5492569160098678
2019-03-29,279.86,5.1,274.76,-0.5773567491758509
2019-03-28,278.62,5.01,273.61,-0.5808654145548824
2019-03-27,274.83,4.98,269.84999999999997,-0.5923372248376291
2019-03-26,267.77,4.96,262.81,-0.6138163589840481
2019-03-25,260.42,5.35,255.07000000000002,-0.6374312024916168
2019-03-22,264.53,5.62,258.90999999999997,-0.6257153111390247
2019-03-21,274.02,5.84,268.18,-0.5974324171706573
2019-03-20,273.6,5.85,267.75,-0.5987443529210779
2019-03-19,267.47,5.96,261.51000000000005,-0.61778267636904
2019-03-18,269.49,5.75,263.74,-0.6109789165470921
2019-03-15,275.43,5.71,269.72,-0.5927338565761281
2019-03-14,289.96,6.03,283.93,-0.5493789565447907
2019-03-13,288.96,6.53,282.43,-0.553955476604397
2019-03-12,283.36,6.39,276.97,-0.5706140096213641
2019-03-11,290.92,6.59,284.33000000000004,-0.5481585511955622
2019-03-08,284.14,7.06,277.08,-0.5702783981503264
2019-03-07,276.59,7.09,269.5,-0.5934050795182038
2019-03-06,276.24,8.01,268.23,-0.5972798665020037
2019-03-05,276.54,10.16,266.38,-0.602924241242185
2019-03-04,285.36,9.78,275.58000000000004,-0.5748549182099326
2019-03-01,294.79,10.06,284.73,-0.5469381458463339
2019-02-28,319.88,9.57,310.31,-0.46889322376318043
2019-02-27,314.74,9.85,304.89,-0.48542971624522474
2019-02-26,297.86,9.79,288.07,-0.5367477611802772
2019-02-25,298.77,9.0,289.77,-0.5315610384460567
2019-02-22,294.71,8.17,286.53999999999996,-0.5414158116410758
2019-02-21,291.23,7.64,283.59000000000003,-0.5504163010916348
2019-02-20,302.56,7.62,294.94,-0.5157872993072802
2019-02-19,305.64,7.26,298.38,-0.5052918133039163
2019-02-15,307.88,7.41,300.46999999999997,-0.49891519535419815
2019-02-14,303.77,7.48,296.28999999999996,-0.5116684312536345
2019-02-13,308.17,7.49,300.68,-0.49827448254585316
2019-02-12,311.81,7.44,304.37,-0.48701624319922154
2019-02-11,312.84,7.46,305.38,-0.48393471969241997
2019-02-08,305.8,7.67,298.13,-0.506054566647184
2019-02-07,307.51,8.04,299.46999999999997,-0.501966208727269
2019-02-06,317.22,8.4,308.82000000000005,-0.47343923368905594
2019-02-05,321.35,7.88,313.47,-0.4592520215042763
2019-02-04,312.89,7.85,305.03999999999996,-0.4849720642392642
2019-02-01,312.21,7.9,304.31,-0.4871993040016058
2019-01-31,307.02,7.88,299.14,-0.5029730431403824
2019-01-30,308.77,7.46,301.31,-0.4963523441208185
2019-01-29,297.46,6.94,290.52,-0.5292727784162535
2019-01-28,296.38,6.67,289.71,-0.531744099248441
2019-01-25,297.04,6.65,290.39000000000004,-0.5296694101547526
2019-01-24,291.51,6.58,284.93,-0.5463279431717198
2019-01-23,287.59,6.55,281.03999999999996,-0.5581963851929658
2019-01-22,298.92,6.57,292.35,-0.5236894239435337
2019-01-18,302.26,6.71,295.55,-0.5139261811497069
2019-01-17,347.31,6.81,340.5,-0.37678313003017005
2019-01-16,346.05,6.71,339.34000000000003,-0.38032230554293217
2019-01-15,344.43,6.82,337.61,-0.38560055867834486
2019-01-14,334.4,6.8,327.59999999999997,-0.4161412025427847
2019-01-11,347.26,6.59,340.67,-0.37626445775674794
2019-01-10,344.97,6.66,338.31,-0.38346484931719527
2019-01-09,338.53,6.63,331.9,-0.4030218450385798
2019-01-08,335.35,6.4,328.95000000000005,-0.4120223344891388
2019-01-07,334.96,6.5,328.46,-0.4135173310419437
2019-01-04,317.69,6.36,311.33,-0.4657811901226482
2019-01-03,300.36,6.05,294.31,-0.5177094377323148
2019-01-02,310.12,6.2,303.92,-0.48838919921710344
2018-12-31,332.8,6.37,326.43,-0.41971088818927754
2018-12-28,333.87,6.47,327.4,-0.41675140521739884
2018-12-27,316.13,6.43,309.7,-0.4707543419207537
2018-12-26,326.09,6.36,319.72999999999996,-0.4401526777888527
2018-12-24,295.39,5.92,289.46999999999997,-0.532476342457978
2018-12-21,319.77,6.07,313.7,-0.4585502884284701
2018-12-20,315.38,6.52,308.86,-0.4733171931541332
2018-12-19,332.97,6.83,326.14000000000004,-0.420595682067468
2018-12-18,337.03,7.07,329.96,-0.40894081098233737
2018-12-17,348.42,7.03,341.39000000000004,-0.3740677281281368
2018-12-14,365.71,7.7,358.01,-0.32335988586769865
2018-12-13,376.79,7.75,369.04,-0.28970720836272656
2018-12-12,366.6,7.54,359.06,-0.32015632182597414
2018-12-11,366.76,7.08,359.68,-0.3182646935346702
2018-12-10,365.15,7.03,358.12,-0.3230242743966608
2018-12-07,357.97,6.99,350.98,-0.34480850988038697
2018-12-06,363.06,7.37,355.69,-0.3304382368932231
2018-12-04,359.7,7.08,352.62,-0.33980484794855076
2018-12-03,358.49,7.58,350.91,-0.34502208081650193
2018-11-30,350.48,7.71,342.77000000000004,-0.369857329673299
2018-11-29,341.17,7.79,333.38,-0.39850634524643486
2018-11-28,347.87,8.12,339.75,-0.3790713900599732
2018-11-27,343.92,7.48,336.44,-0.3891702443248379
2018-11-26,346.0,7.37,338.63,-0.3824885250378126
2018-11-23,325.83,7.46,318.37,-0.44430205597622896
2018-11-21,338.19,7.71,330.48,-0.4073542840283404
2018-11-20,347.49,7.67,339.82,-0.37885781912385824
2018-11-19,353.47,7.84,345.63000000000005,-0.36113143142631615
2018-11-16,354.31,7.19,347.12,-0.3565854215004407
2018-11-15,348.44,7.34,341.1,-0.37495252200632745
2018-11-14,344.0,7.1,336.9,-0.38776677817322536
2018-11-13,338.73,6.78,331.95000000000005,-0.4028692943699261
2018-11-12,331.28,6.65,324.63,-0.4252027122608052
2018-11-09,350.51,6.77,343.74,-0.3668978467014203
2018-11-08,351.4,6.69,344.71,-0.36393836372954164
2018-11-07,348.16,6.74,341.42,-0.37397619772694474
2018-11-06,341.06,6.4,334.66,-0.394601048128904
2018-11-05,341.4,6.68,334.71999999999997,-0.3944179873265199
2018-11-02,346.41,6.49,339.92,-0.3785527177865511
2018-11-01,344.28,6.62,337.65999999999997,-0.3854480080096915
2018-10-31,337.32,5.9,331.42,-0.4044863314576537
2018-10-30,329.9,5.95,323.95,-0.42727740135449344
2018-10-29,334.85,6.19,328.66,-0.4129071283673294
2018-10-26,330.9,6.35,324.54999999999995,-0.425446793330651
2018-10-25,314.86,6.45,308.41,-0.4746901491720151
2018-10-24,288.5,6.17,282.33,-0.5542605779417042
2018-10-23,294.14,6.81,287.33,-0.5390055110763498
2018-10-22,260.95,7.03,253.92,-0.6409398678706484
2018-10-19,260.0,7.32,252.68,-0.6447231244532562
2018-10-18,263.91,7.5,256.41,-0.6333428445717018
2018-10-17,271.78,7.77,264.01,-0.610155142936363
2018-10-16,276.59,8.04,268.54999999999995,-0.5963035422226213
2018-10-15,259.59,7.82,251.76999999999998,-0.6474995466227509
2018-10-12,258.78,7.46,251.31999999999996,-0.6488725026406328
2018-10-11,252.23,7.18,245.04999999999998,-0.6680023564897872
2018-10-10,256.88,7.75,249.13,-0.655554221927658
2018-10-09,262.8,7.39,255.41000000000003,-0.6363938579447727
2018-10-08,250.56,6.04,244.52,-0.6696193935775148
2018-10-05,261.95,6.26,255.69,-0.6355395742003128
2018-10-04,281.83,6.25,275.58,-0.5748549182099327
2018-10-03,294.8,6.3,288.5,-0.5354358254298567
2018-10-02,301.02,5.93,295.09,-0.5153296473013196
2018-10-01,310.7,6.6,304.09999999999997,-0.4878400168099508
2018-09-28,264.77,6.98,257.78999999999996,-0.6291324461168641
2018-09-27,307.52,7.01,300.51,-0.4987931548192753
2018-09-26,309.58,7.5,302.08,-0.49400306382355397
2018-09-25,300.99,7.58,293.41,-0.5204553497680785
2018-09-24,299.68,7.87,291.81,-0.525336971164992
2018-09-21,299.1,8.59,290.51000000000005,-0.5293032885499841
2018-09-20,298.33,8.78,289.55,-0.5322322613881323
2018-09-19,299.02,8.5,290.52,-0.5292727784162535
2018-09-18,284.96,7.68,277.28,-0.5696681954757122
2018-09-17,294.84,8.5,286.34,-0.54202601431569
2018-09-14,295.2,9.9,285.3,-0.5451990682236836
2018-09-13,289.46,11.6,277.85999999999996,-0.5678986077193312
2018-09-12,290.54,6.6,283.94,-0.5493484464110601
